age,balance,housing,loan
58,2143,yes,no
44,29,yes,no
33,2,yes,yes
47,1506,yes,no
33,1,no,no
35,231,yes,no
28,447,yes,yes
42,2,yes,no
58,121,yes,no
43,593,yes,no
41,270,yes,no
29,390,yes,no
53,6,yes,no
58,71,yes,no
57,162,yes,no
51,229,yes,no
45,13,yes,no
57,52,yes,no
60,60,yes,no
33,0,yes,no
28,723,yes,yes
56,779,yes,no
32,23,yes,yes
25,50,yes,no
40,0,yes,yes
44,-372,yes,no
39,255,yes,no
52,113,yes,yes
46,-246,yes,no
36,265,yes,yes
57,839,no,yes
49,378,yes,no
60,39,yes,yes
59,0,yes,no
51,10635,yes,no
57,63,yes,no
25,-7,yes,no
53,-3,no,no
36,506,yes,no
37,0,yes,no
44,2586,yes,no
50,49,yes,no
60,104,yes,no
54,529,yes,no
58,96,yes,no
36,-171,yes,no
58,-364,yes,no
44,0,yes,no
55,0,no,no
29,0,yes,no
54,1291,yes,no
48,-244,yes,no
32,0,yes,no
42,-76,yes,no
24,-103,yes,yes
38,243,no,yes
38,424,yes,no
47,306,yes,no
40,24,yes,no
46,179,yes,no
32,0,yes,no
53,989,yes,no
57,249,yes,no
33,790,yes,no
49,154,yes,no
51,6530,yes,no
60,100,no,no
59,59,yes,no
55,1205,yes,no
35,12223,yes,yes
57,5935,yes,yes
31,25,yes,yes
54,282,yes,yes
55,23,yes,no
43,1937,yes,no
53,384,yes,no
44,582,no,yes
55,91,no,no
49,0,yes,yes
55,1,yes,no
45,206,yes,no
47,164,no,no
42,690,yes,no
59,2343,yes,no
46,137,yes,yes
51,173,yes,no
56,45,no,no
41,1270,yes,no
46,16,yes,yes
57,486,yes,no
42,50,no,no
30,152,yes,yes
60,290,yes,no
60,54,yes,no
57,-37,no,no
36,101,yes,yes
55,383,no,no
60,81,yes,no
39,0,yes,no
46,229,yes,no
44,-674,yes,no
53,90,no,no
52,128,yes,no
59,179,yes,no
27,0,yes,no
44,54,yes,no
47,151,yes,no
34,61,no,yes
59,30,yes,no
45,523,yes,no
29,31,yes,no
46,79,no,no
56,-34,yes,yes
36,448,yes,no
59,81,yes,no
44,144,yes,no
41,351,yes,no
33,-67,yes,no
59,262,no,no
57,0,no,no
56,56,yes,no
51,26,yes,no
34,3,yes,no
43,41,yes,yes
52,7,no,yes
33,105,yes,no
29,818,yes,yes
34,-16,yes,yes
31,0,yes,no
55,2476,yes,no
55,1185,no,no
32,217,yes,no
38,1685,yes,no
55,802,yes,yes
28,0,yes,no
23,94,yes,no
32,0,yes,no
43,0,no,no
32,517,yes,no
46,265,yes,no
53,947,yes,no
34,3,yes,no
57,42,no,no
37,37,yes,no
59,57,yes,no
33,22,yes,no
56,8,yes,no
48,293,yes,no
43,3,yes,no
54,348,yes,no
51,-19,yes,no
26,0,yes,no
40,-4,yes,no
39,18,yes,no
50,139,no,no
41,0,yes,no
51,1883,yes,no
60,216,yes,no
52,782,yes,no
48,904,yes,no
48,1705,yes,no
39,47,yes,no
47,176,yes,no
40,1225,yes,no
45,86,yes,no
26,82,yes,no
52,271,yes,no
54,1378,yes,no
54,184,no,no
50,0,no,no
35,0,yes,no
44,1357,yes,yes
53,19,yes,no
35,434,no,no
60,92,yes,no
53,1151,yes,no
48,41,yes,no
34,51,yes,no
54,214,yes,no
51,1161,yes,no
31,37,yes,no
35,787,yes,no
35,59,yes,no
38,253,yes,no
36,211,yes,no
58,235,yes,no
40,4384,yes,no
54,4080,no,no
34,53,yes,yes
31,0,yes,no
51,2127,yes,no
33,377,yes,no
55,73,yes,no
42,445,yes,no
34,243,yes,no
33,307,yes,no
38,155,yes,no
50,173,no,yes
43,400,yes,no
61,1428,yes,no
47,219,yes,no
48,7,yes,no
44,575,yes,no
35,298,yes,no
35,0,yes,no
50,5699,yes,no
41,176,yes,yes
41,517,yes,no
39,257,yes,no
42,56,yes,no
38,-390,yes,no
53,330,yes,no
59,195,no,no
36,301,yes,no
54,-41,yes,no
40,483,yes,no
47,28,no,no
53,13,no,no
46,965,no,no
39,378,yes,yes
40,219,yes,no
28,324,yes,no
35,-69,yes,no
55,0,no,yes
43,205,yes,no
48,278,yes,no
58,1065,yes,no
33,34,yes,no
36,1033,no,no
53,1467,yes,no
47,-12,yes,no
31,388,yes,no
57,294,yes,no
53,1827,no,no
55,627,yes,no
45,25,yes,no
53,315,yes,no
37,0,yes,no
44,66,yes,no
49,-9,yes,yes
46,349,yes,yes
43,100,yes,no
38,0,no,no
43,434,yes,no
49,3237,yes,no
42,275,no,no
22,0,yes,no
40,207,yes,no
39,483,yes,no
51,2248,yes,no
49,428,yes,no
53,0,yes,yes
34,0,yes,no
33,140,yes,no
50,297,yes,no
39,279,yes,no
59,901,yes,no
30,2573,yes,no
36,143,yes,yes
40,475,yes,no
53,70,yes,no
34,318,yes,no
37,275,yes,no
42,742,yes,no
41,236,yes,no
30,25,yes,no
37,600,yes,no
39,-349,yes,no
41,183,yes,yes
40,0,yes,no
42,0,yes,yes
40,0,yes,no
57,1078,yes,no
56,155,no,no
37,190,yes,no
59,319,yes,no
39,-185,yes,no
49,47,no,no
38,570,yes,no
36,19,no,no
50,61,yes,no
41,-62,yes,yes
54,258,no,no
58,76,yes,no
30,0,yes,no
33,352,yes,no
47,368,yes,no
50,339,yes,no
32,1331,yes,no
40,672,yes,no
37,58,yes,no
54,447,yes,no
24,423,yes,no
54,0,no,no
34,19,yes,no
56,13,yes,no
31,3,yes,no
24,82,yes,no
42,28,yes,no
57,792,yes,no
42,408,yes,no
51,531,yes,no
57,211,yes,no
36,62,yes,no
53,257,yes,no
50,1234,yes,no
54,313,yes,no
55,89,yes,no
44,129,yes,yes
43,0,yes,no
56,353,yes,no
54,851,yes,no
55,96,yes,yes
37,398,yes,yes
33,193,no,no
46,-358,yes,no
36,539,yes,yes
51,0,yes,no
40,0,no,no
42,490,yes,no
51,0,yes,no
49,403,yes,no
48,161,yes,no
32,2558,no,no
31,98,yes,no
55,115,no,no
40,436,yes,no
47,831,yes,no
57,206,yes,no
41,290,yes,no
48,1,no,no
42,57,yes,no
30,-457,yes,no
58,1387,yes,no
45,24598,yes,no
49,30,yes,no
42,1022,yes,no
53,56,yes,yes
51,-2,no,no
32,121,yes,no
41,842,yes,no
43,693,yes,no
40,-333,yes,no
50,1533,yes,no
34,46,yes,no
53,18,no,no
45,44,yes,no
39,-100,yes,no
44,510,yes,no
55,685,yes,no
46,187,yes,no
45,66,yes,no
34,560,yes,no
36,0,yes,no
59,27,no,no
31,12,yes,no
44,34,yes,no
33,1068,yes,no
40,211,yes,no
46,377,yes,no
48,263,yes,no
42,1263,yes,no
27,8,yes,no
48,126,yes,yes
59,230,yes,no
46,841,yes,no
38,308,yes,no
43,1,yes,no
38,86,yes,no
23,157,yes,no
34,22,yes,no
38,46,yes,yes
37,1293,no,no
25,122,yes,no
48,131,yes,no
49,143,yes,no
38,393,no,no
43,98,yes,no
33,0,yes,no
55,224,yes,no
38,757,yes,no
49,245,yes,yes
40,8486,no,no
43,350,no,no
38,20,yes,no
58,1667,yes,yes
57,345,yes,no
32,10,yes,no
56,830,yes,yes
58,29,yes,no
60,545,yes,no
37,8730,yes,no
46,477,yes,no
27,4,yes,no
43,1205,yes,no
32,0,yes,yes
40,263,yes,no
38,1,no,no
34,283,no,yes
47,206,yes,no
42,17,yes,no
48,141,yes,yes
29,16,yes,no
50,206,yes,no
52,7,no,no
50,0,no,no
58,0,no,no
46,1927,yes,no
38,284,yes,no
46,1660,yes,no
32,406,yes,no
51,230,yes,no
39,-25,yes,no
48,182,yes,no
36,1169,yes,no
34,67,yes,no
40,77,no,no
43,0,yes,no
52,55,yes,yes
33,72,yes,no
49,163,yes,no
32,151,yes,no
39,113,yes,no
40,0,yes,no
38,9,yes,no
43,375,yes,no
39,1142,yes,no
54,2102,yes,no
38,4325,yes,no
40,217,yes,no
55,131,yes,no
42,1680,yes,no
39,0,yes,no
40,46,yes,no
32,320,yes,no
55,183,yes,no
45,39,no,no
35,560,yes,no
58,469,no,no
35,530,yes,no
49,61,yes,no
34,242,yes,no
36,139,yes,no
24,0,yes,no
34,367,yes,no
51,228,yes,no
39,45248,yes,no
50,-84,yes,no
32,310,yes,no
42,132,yes,no
50,797,yes,no
40,71,no,no
46,2,yes,no
37,231,yes,yes
34,270,yes,yes
44,274,yes,yes
40,-109,yes,yes
37,1,yes,no
33,-60,no,no
35,89,yes,no
58,-11,no,no
39,0,yes,no
43,-509,yes,no
39,408,yes,no
36,58,yes,no
57,1640,no,yes
36,20,yes,no
50,71,yes,no
55,52,yes,no
44,292,yes,no
44,424,yes,no
39,109,yes,no
46,1044,yes,no
39,983,yes,no
34,869,no,no
40,668,yes,no
50,964,yes,no
31,301,yes,no
37,140,yes,no
39,1877,yes,no
51,1127,yes,no
41,871,yes,no
41,767,yes,yes
43,0,no,no
30,209,yes,no
54,0,no,no
43,110,yes,yes
59,-76,yes,yes
47,178,yes,no
40,-66,yes,no
32,0,yes,no
29,1,yes,no
36,0,yes,no
55,5345,no,no
30,-209,yes,no
39,0,yes,no
39,42,yes,no
50,41,yes,no
44,-99,yes,no
37,17,yes,no
46,276,yes,yes
32,-170,no,no
37,230,yes,yes
29,9,yes,no
41,946,yes,no
45,1297,yes,no
57,-331,yes,no
48,44,yes,no
60,15,no,no
26,712,yes,no
58,5435,yes,no
34,507,yes,no
55,387,yes,no
41,0,yes,yes
50,1716,yes,no
49,167,yes,yes
44,40,no,yes
44,148,yes,no
31,17,yes,yes
34,1011,yes,no
46,1527,yes,no
42,744,no,no
52,484,yes,no
29,0,yes,no
53,136,yes,no
43,1335,yes,no
38,517,yes,no
46,459,yes,no
48,549,yes,no
30,83,yes,yes
44,213,no,no
31,203,yes,no
42,518,yes,no
40,3877,yes,no
52,1236,yes,no
45,756,yes,no
48,157,yes,no
45,-66,yes,no
34,245,yes,no
34,-144,yes,no
46,71,yes,no
49,505,yes,no
50,249,yes,no
34,0,yes,no
40,11,yes,no
36,639,yes,no
59,124,yes,no
45,82,yes,no
36,107,yes,no
56,473,yes,no
42,372,yes,yes
30,46,yes,no
30,34,yes,no
47,935,yes,no
33,-10,yes,no
36,-106,yes,no
39,471,yes,no
56,778,yes,no
39,170,yes,no
42,315,yes,no
52,3165,no,no
36,131,yes,no
35,204,yes,no
47,83,yes,no
59,0,yes,yes
57,5431,yes,yes
38,1759,yes,no
46,-125,yes,no
34,0,no,no
28,5090,yes,no
38,573,yes,no
56,1602,yes,no
41,-137,yes,yes
52,0,no,no
54,193,no,no
61,195,yes,yes
53,288,no,no
47,19,yes,no
53,25,yes,no
46,216,yes,no
39,190,yes,yes
56,99,yes,no
55,2298,yes,no
44,17,yes,no
37,0,yes,no
35,0,yes,no
55,840,yes,no
37,358,yes,no
30,0,yes,no
37,-325,yes,yes
36,-15,yes,no
38,581,yes,no
41,4070,yes,no
48,74,no,yes
55,141,yes,no
28,89,no,no
54,0,yes,no
30,450,no,no
48,310,no,no
31,0,yes,no
38,384,yes,no
37,395,yes,no
37,-118,yes,no
56,5,yes,yes
51,50,yes,yes
39,285,yes,yes
49,15,no,no
51,653,yes,yes
43,918,yes,no
32,243,yes,yes
29,405,yes,no
48,1328,yes,no
55,255,yes,no
53,3397,yes,no
47,2106,yes,no
39,2877,yes,no
31,60,yes,yes
39,2226,yes,no
40,2880,yes,no
40,-5,yes,no
48,147,no,no
33,7,yes,yes
40,109,yes,no
59,-119,yes,no
30,484,yes,no
31,1852,yes,no
35,533,yes,no
54,21,yes,no
34,2434,yes,no
32,90,yes,yes
56,4246,yes,no
32,395,yes,no
42,15,yes,no
33,85,no,no
52,-184,yes,yes
52,660,no,no
52,-183,yes,no
30,1144,yes,no
44,1,yes,no
35,69,yes,yes
55,220,yes,no
33,332,yes,no
37,240,yes,no
42,0,yes,no
43,0,yes,no
38,898,yes,no
37,123,yes,yes
31,252,yes,no
41,65,yes,no
41,-366,yes,yes
29,209,yes,no
38,221,yes,no
44,4,yes,no
39,104,yes,no
28,312,yes,no
33,-349,yes,no
41,4,no,no
40,-322,yes,yes
29,-150,yes,no
38,1349,yes,no
32,281,yes,no
45,1259,yes,no
33,101,yes,no
34,848,yes,no
41,89,yes,no
41,140,yes,no
35,148,yes,no
40,200,yes,no
60,46,yes,no
47,201,yes,no
46,530,yes,no
31,0,yes,no
49,1,yes,no
29,43,yes,no
31,-173,yes,no
38,389,yes,no
37,215,yes,yes
35,-131,yes,no
31,783,yes,no
41,0,yes,no
46,80,yes,no
40,105,yes,no
29,182,yes,yes
49,82,yes,no
42,0,yes,no
54,510,yes,no
40,242,yes,no
53,244,yes,yes
49,92,yes,no
40,0,yes,no
29,948,yes,no
36,23,yes,no
37,710,yes,no
39,1205,yes,no
36,368,yes,yes
44,1631,yes,no
40,6,yes,no
49,26,yes,no
30,-48,yes,no
57,2142,yes,no
24,77,yes,yes
46,401,yes,no
33,21,no,no
43,0,yes,no
43,-497,yes,no
40,369,no,no
44,78,yes,no
35,226,yes,yes
47,503,yes,no
33,372,yes,no
31,0,yes,yes
40,0,yes,no
36,125,yes,no
56,4,yes,no
40,419,yes,no
41,322,yes,no
53,303,yes,no
39,607,yes,no
44,579,yes,no
38,3047,yes,no
54,83,yes,no
58,68,yes,no
52,58,yes,no
28,251,yes,no
36,688,yes,no
60,364,yes,no
42,55,yes,no
42,101,yes,no
44,105,yes,no
51,325,yes,no
49,198,yes,no
47,209,yes,no
37,183,yes,no
34,105,yes,no
35,109,yes,no
35,376,yes,yes
40,-7,yes,no
55,0,no,no
55,143,yes,no
35,550,yes,no
57,162,yes,no
53,115,yes,no
41,512,yes,no
57,807,yes,no
45,248,yes,no
43,1211,yes,no
56,7,no,no
31,281,yes,no
37,88,yes,no
30,32,yes,no
30,115,yes,no
54,254,yes,no
36,144,yes,no
55,383,no,no
37,569,yes,yes
38,0,yes,no
48,3754,yes,no
55,6920,yes,no
59,307,yes,yes
37,-421,yes,no
33,60,no,no
44,67,yes,no
57,402,yes,no
30,800,no,no
42,239,yes,yes
51,421,yes,no
44,161,yes,no
46,289,no,no
29,110,yes,no
39,245,yes,no
42,0,yes,no
50,156,yes,no
42,0,yes,no
39,20,yes,no
55,92,yes,no
46,89,yes,no
42,166,yes,no
45,103,yes,no
43,-454,yes,no
42,445,yes,no
30,4,no,no
47,1001,yes,no
51,-69,yes,no
38,42,yes,no
57,1617,yes,no
42,221,yes,no
32,210,yes,yes
46,0,no,no
29,185,yes,no
59,836,yes,no
32,301,yes,no
44,503,yes,no
40,407,yes,no
31,53,yes,no
46,2303,yes,no
43,144,yes,no
34,205,yes,no
39,305,yes,no
30,251,yes,yes
56,0,yes,no
29,8,no,no
40,139,yes,no
36,184,yes,no
37,238,yes,no
35,0,no,no
35,0,yes,no
47,222,yes,no
31,414,yes,no
56,223,yes,no
57,197,no,no
36,-251,yes,no
45,-139,yes,no
47,733,yes,no
29,0,yes,no
57,1,no,no
45,97,yes,no
31,435,yes,no
31,0,yes,no
37,147,no,no
30,3,yes,no
58,1109,yes,yes
33,404,yes,no
39,981,yes,no
33,95,yes,no
34,302,yes,no
36,-290,yes,yes
37,259,yes,no
35,527,yes,yes
55,102,yes,no
34,872,yes,no
40,490,yes,no
42,19,yes,no
37,16,yes,no
42,386,yes,no
35,539,yes,no
44,-329,yes,no
30,-174,yes,no
45,68,yes,no
35,-532,yes,no
36,0,yes,no
49,64,yes,no
31,1415,yes,no
31,147,yes,no
39,72,yes,no
37,-196,yes,no
33,716,yes,no
37,0,yes,no
42,-246,yes,no
56,-203,yes,no
37,245,yes,yes
36,342,yes,no
29,3,yes,no
54,-248,yes,yes
38,376,yes,no
43,370,yes,no
47,594,yes,no
47,387,yes,no
38,208,yes,no
40,563,yes,no
33,392,yes,yes
33,165,no,no
53,236,yes,no
37,52,yes,no
40,1265,yes,no
37,693,yes,no
35,118,yes,no
49,3659,yes,no
26,24,yes,no
38,673,yes,no
52,273,no,no
33,327,yes,no
31,299,yes,no
32,0,yes,no
35,109,yes,no
55,552,no,no
32,473,yes,no
37,414,yes,no
45,154,yes,no
31,344,yes,no
38,8,yes,no
37,78,yes,no
38,266,yes,no
33,98,yes,yes
38,83,yes,no
37,45,yes,no
29,8,yes,no
42,263,yes,no
40,306,yes,no
32,233,yes,no
47,447,no,yes
29,872,yes,no
53,-291,yes,yes
31,309,yes,yes
59,202,yes,no
29,56,yes,yes
59,229,yes,yes
44,143,yes,no
38,100,yes,no
49,326,yes,no
43,167,yes,no
52,545,yes,no
40,2100,yes,yes
32,0,yes,yes
47,192,yes,no
33,442,yes,no
35,267,yes,no
27,0,yes,no
50,377,yes,no
44,7624,no,no
43,66,yes,no
51,37,yes,no
32,64,yes,no
47,34,yes,no
34,627,yes,no
57,1013,yes,no
43,140,yes,no
40,8823,yes,no
28,97,yes,no
38,5,yes,no
37,74,yes,no
44,58544,yes,no
41,169,yes,no
37,444,yes,no
30,542,yes,no
32,-205,yes,no
30,112,yes,no
35,39,no,no
55,1268,yes,no
52,-98,yes,no
33,44,yes,yes
55,-90,yes,yes
33,0,no,no
40,-94,yes,yes
39,-345,yes,no
54,-932,yes,no
39,20,yes,no
49,90,yes,no
52,31,yes,no
27,134,yes,yes
26,0,yes,no
40,61,yes,no
47,-5,yes,no
31,-45,no,no
53,156,yes,yes
31,564,yes,no
33,-6,yes,no
35,528,no,no
46,1481,yes,no
31,2019,no,no
35,1855,yes,no
29,147,yes,yes
51,220,yes,no
33,198,yes,no
37,115,no,no
43,87,yes,no
42,644,yes,no
28,225,yes,yes
57,502,yes,no
38,-32,yes,no
39,106,yes,no
36,301,yes,no
57,906,yes,no
44,187,yes,no
48,852,yes,yes
46,143,yes,no
43,71,no,no
49,1496,yes,no
29,703,yes,no
53,732,yes,no
30,21,yes,no
41,276,yes,no
33,0,yes,no
47,550,yes,no
58,268,yes,no
31,-825,yes,no
38,137,yes,yes
60,42,yes,yes
33,54,no,no
33,1716,yes,no
52,270,yes,no
42,803,yes,no
30,102,yes,no
33,188,yes,no
46,207,yes,no
51,1466,yes,no
40,350,yes,no
50,159,yes,no
42,157,yes,yes
38,0,no,no
36,91,yes,no
37,849,yes,no
33,436,yes,no
38,-1,yes,no
52,297,yes,no
29,313,yes,yes
37,310,yes,no
34,475,yes,no
43,61,yes,no
49,1377,yes,no
33,56,no,no
47,0,yes,no
50,73,no,no
30,660,yes,no
44,-79,yes,no
44,558,yes,no
30,342,yes,no
40,-4,yes,no
41,225,yes,no
34,267,yes,no
53,46,yes,no
35,624,yes,no
34,1107,yes,yes
39,573,yes,no
39,406,yes,no
52,220,yes,no
34,2308,yes,no
37,139,yes,no
39,367,yes,no
52,278,yes,no
35,229,yes,no
36,1722,yes,no
48,-500,yes,no
31,308,yes,no
43,1026,yes,yes
43,548,yes,no
39,356,yes,yes
40,164,yes,no
58,211,no,no
31,19,yes,no
41,108,yes,yes
37,308,yes,no
44,7,yes,yes
37,16,yes,yes
39,867,yes,no
41,277,yes,no
52,196,yes,no
29,365,yes,yes
60,1310,no,no
32,186,no,no
50,148,yes,no
56,862,yes,yes
48,359,yes,no
29,190,no,no
40,4,yes,yes
42,0,yes,no
34,42,yes,no
23,2605,yes,no
30,60,yes,yes
51,98,yes,no
52,-181,yes,no
45,118,yes,no
41,-15,yes,no
27,671,yes,no
50,1557,yes,no
36,-20,yes,no
46,323,yes,no
44,-171,yes,no
47,438,yes,no
40,316,yes,no
36,174,yes,no
46,442,yes,no
58,786,yes,no
30,-317,yes,no
43,667,yes,no
29,-158,yes,no
41,72,yes,no
44,58,yes,no
44,396,yes,yes
59,10,yes,no
39,2887,yes,no
42,0,no,no
31,89,no,no
29,50,yes,no
39,29,yes,no
44,420,yes,no
49,114,yes,no
39,365,yes,no
27,0,yes,no
56,-24,yes,no
43,743,yes,no
37,0,no,no
54,99,yes,no
38,22,yes,yes
31,251,yes,no
34,615,yes,no
35,136,yes,no
44,2167,yes,no
30,309,yes,no
51,221,yes,no
37,321,yes,no
39,-33,yes,no
33,76,yes,no
37,42,yes,no
46,76,yes,no
32,1293,yes,no
43,526,yes,no
59,873,yes,no
46,40,yes,no
47,117,yes,no
31,671,yes,no
30,145,yes,no
38,1807,no,no
44,-212,yes,yes
52,133,yes,no
29,566,no,no
43,1924,yes,no
47,145,yes,no
43,487,yes,no
52,-57,yes,no
32,81,yes,no
40,-227,yes,no
57,2710,yes,yes
30,98,yes,no
48,1230,yes,yes
46,78,yes,yes
59,137,yes,yes
50,354,yes,no
50,149,yes,no
33,126,yes,no
39,0,yes,no
57,8266,yes,no
49,51,yes,no
41,258,yes,no
43,117,yes,no
29,199,yes,yes
56,219,yes,no
46,1571,yes,no
42,223,yes,no
36,-79,no,no
29,321,yes,no
43,2527,yes,no
48,5,yes,no
38,20,yes,no
46,1045,yes,yes
44,1,yes,no
28,3,yes,no
28,-55,yes,no
36,141,yes,no
37,374,yes,no
56,93,yes,no
46,460,yes,no
34,78,yes,no
32,135,yes,no
33,367,yes,yes
36,248,yes,no
35,630,yes,no
44,-30,yes,no
37,157,yes,no
48,268,yes,no
38,164,yes,no
44,-97,yes,no
31,53,yes,no
35,788,yes,no
54,1904,yes,yes
28,260,yes,no
38,447,yes,no
48,720,yes,no
31,2827,yes,no
59,0,no,no
29,1117,yes,no
28,597,yes,no
50,362,yes,no
31,120,yes,no
32,89,yes,yes
30,442,yes,no
32,111,yes,no
29,247,yes,no
30,1,yes,no
34,6,yes,no
34,-947,yes,no
41,191,yes,no
36,-147,yes,no
31,703,yes,no
39,70,no,no
36,83,yes,no
39,125,yes,no
37,190,yes,yes
52,46,yes,no
25,1348,yes,no
42,420,yes,no
27,96,yes,no
42,271,yes,no
29,1320,yes,yes
38,54,yes,no
42,198,yes,no
35,1094,yes,no
41,141,yes,yes
57,207,yes,no
36,-206,yes,no
56,177,yes,no
33,176,yes,no
41,-413,yes,no
33,-81,yes,no
35,3837,yes,no
43,870,yes,yes
36,206,yes,no
37,316,yes,no
51,57,yes,yes
28,1,yes,no
43,-7,no,no
32,611,yes,no
36,157,yes,no
33,233,yes,no
39,419,yes,yes
28,134,yes,no
26,2087,no,no
40,103,yes,no
44,281,yes,no
34,133,yes,no
47,1865,yes,no
55,325,yes,no
48,-18,yes,no
36,49,yes,no
31,7444,yes,yes
30,59,yes,yes
46,45,yes,no
30,387,yes,no
32,5,yes,yes
48,71,yes,no
48,96,yes,no
36,72,yes,no
41,1715,yes,no
49,181,yes,no
26,20,yes,no
38,65,yes,no
27,81,yes,no
51,226,yes,yes
33,1128,yes,no
53,582,yes,no
36,5611,yes,no
48,177,yes,no
27,181,yes,no
42,0,yes,no
61,734,yes,no
31,322,yes,no
37,134,yes,no
34,10350,yes,no
55,84,yes,no
24,620,yes,no
41,254,yes,no
34,0,yes,no
29,5903,yes,no
42,134,yes,yes
45,1381,yes,no
49,104,yes,no
26,318,yes,no
35,2151,yes,no
49,-8,yes,no
44,185,yes,no
41,1773,no,no
50,40,yes,no
58,44,yes,no
43,0,yes,no
34,0,yes,no
57,3058,yes,no
43,130,yes,no
38,507,yes,no
35,844,yes,no
49,458,yes,no
33,-744,yes,no
60,-2,yes,no
33,129,yes,no
33,411,yes,no
47,643,yes,no
37,391,yes,no
34,80,yes,yes
32,10,yes,no
36,114,yes,yes
40,1,yes,no
57,1341,yes,no
48,4,yes,no
26,2770,yes,no
30,5956,yes,no
41,55,yes,no
30,131,yes,no
35,1942,yes,no
36,298,yes,no
52,291,no,no
45,85,yes,no
35,797,yes,no
46,152,yes,no
39,481,yes,no
38,66,yes,no
38,4586,yes,no
31,1798,yes,no
39,220,yes,no
32,715,yes,no
32,442,yes,no
26,85,yes,no
35,319,yes,no
26,-29,yes,no
33,303,no,no
41,2398,yes,no
30,31,no,no
36,1832,yes,no
46,2019,yes,no
30,3,yes,no
46,397,no,no
38,1161,yes,no
24,777,yes,no
41,47,yes,no
28,-58,yes,no
55,1513,yes,no
40,121,no,no
38,904,yes,no
40,697,yes,no
54,841,yes,no
49,7317,yes,no
44,-95,yes,no
32,751,yes,no
36,250,yes,no
35,365,yes,no
31,1315,yes,no
34,65,yes,no
36,1852,no,no
44,-84,yes,no
44,36,yes,no
51,125,yes,no
36,0,no,no
37,105,yes,no
31,432,yes,no
42,555,yes,no
55,-24,yes,no
57,2261,yes,no
33,804,yes,yes
44,-617,yes,no
30,-1,yes,no
37,237,yes,no
32,514,yes,no
33,1988,yes,no
31,491,yes,no
46,675,yes,no
34,177,yes,no
51,340,yes,no
49,230,yes,no
52,0,no,no
43,2331,yes,no
35,0,yes,no
27,217,yes,no
43,186,yes,no
49,168,yes,yes
50,145,yes,no
33,140,yes,no
49,-22,yes,no
50,389,yes,no
42,323,yes,yes
28,6,yes,no
41,225,yes,yes
34,142,yes,no
58,5,no,no
46,174,yes,yes
46,-768,yes,no
42,30,no,no
40,968,yes,yes
42,47,yes,yes
33,0,yes,yes
27,91,yes,no
43,-77,yes,no
28,486,yes,no
34,341,yes,no
37,50,yes,no
41,205,yes,no
39,762,yes,no
37,31,yes,no
41,-581,yes,no
36,-45,yes,no
51,0,no,no
28,120,yes,yes
31,335,yes,no
33,-232,yes,no
28,785,yes,no
31,28,yes,no
43,2067,yes,no
48,448,yes,no
26,37,yes,no
34,301,yes,no
38,668,no,no
51,115,yes,yes
49,275,no,no
60,414,no,no
32,3,yes,no
36,496,no,no
28,150,yes,no
34,163,no,no
40,1322,yes,no
33,1713,yes,no
37,242,yes,no
40,-29,no,no
59,381,yes,no
39,82,yes,no
28,21,yes,no
30,1801,yes,no
40,640,yes,yes
28,113,yes,no
39,1042,yes,no
44,240,yes,no
39,-244,yes,no
30,70,yes,yes
35,-339,yes,no
31,59,yes,no
47,1222,yes,no
26,-41,yes,no
25,0,yes,no
42,6,yes,no
30,4,yes,no
28,20,yes,yes
46,846,yes,no
43,338,yes,no
38,90,yes,yes
31,406,yes,no
29,2,no,no
34,2211,no,no
40,87,yes,no
30,178,yes,no
44,185,yes,yes
38,-210,yes,no
43,388,yes,no
32,1,yes,no
33,879,yes,no
32,214,yes,no
40,698,yes,no
34,1601,yes,no
30,717,yes,no
53,255,yes,no
39,375,yes,no
46,587,yes,no
32,644,yes,yes
60,0,yes,no
40,-275,yes,no
47,116,yes,no
25,37,yes,yes
44,753,yes,no
38,162,yes,no
45,984,yes,no
34,199,yes,no
36,241,yes,no
30,648,yes,yes
35,907,yes,yes
39,6322,no,no
46,125,yes,yes
36,90,yes,no
22,54,yes,yes
26,-132,no,no
48,267,no,no
32,289,yes,no
58,613,yes,no
57,618,yes,no
53,1786,yes,no
29,607,yes,yes
34,586,yes,yes
32,459,yes,no
55,298,yes,no
50,134,no,no
43,34,yes,no
44,1378,yes,no
27,417,yes,yes
35,25,yes,no
45,22,yes,no
35,398,yes,no
49,1164,yes,no
34,487,yes,no
46,1069,yes,no
43,-192,yes,no
42,0,yes,no
55,332,yes,no
37,121,yes,no
31,68,yes,no
57,-176,yes,no
33,527,yes,yes
43,193,yes,no
60,7601,yes,no
51,751,no,no
38,495,yes,no
37,670,yes,no
41,363,yes,no
42,376,yes,no
41,292,yes,no
33,0,no,no
32,184,yes,no
30,80,yes,no
43,1824,yes,no
30,2850,no,no
37,48,yes,no
34,76,no,no
32,336,yes,no
42,0,no,yes
35,433,yes,no
34,103,yes,yes
50,1164,yes,no
34,129,yes,no
38,5873,no,no
28,0,yes,no
55,82,yes,no
38,362,yes,no
31,186,yes,no
57,1216,yes,no
50,704,yes,no
47,205,yes,no
39,830,yes,no
34,-315,yes,no
41,64,yes,yes
59,-820,no,no
35,538,yes,yes
31,948,yes,no
55,1288,yes,no
36,70,yes,no
41,393,yes,no
44,365,yes,no
40,879,yes,yes
32,491,yes,no
38,0,yes,no
27,0,no,no
33,229,yes,no
37,22,yes,yes
40,570,yes,no
33,56,yes,no
40,118,yes,no
27,106,yes,no
42,1768,yes,no
41,213,yes,no
37,381,yes,no
38,1147,yes,yes
44,373,yes,no
31,50,yes,no
34,67,yes,yes
46,0,yes,yes
33,61,yes,yes
36,504,yes,no
32,177,yes,no
27,584,yes,no
31,-732,yes,no
41,572,yes,no
35,105,yes,no
50,0,yes,no
33,832,yes,yes
48,2642,yes,no
36,195,yes,no
29,718,yes,no
34,336,yes,yes
39,332,yes,no
32,1,yes,no
59,-138,yes,yes
50,749,no,no
37,14,yes,no
33,177,no,no
52,557,no,no
43,126,yes,no
53,359,no,yes
37,496,yes,no
50,72,no,no
53,175,yes,no
47,430,no,no
48,574,yes,no
35,69,yes,no
42,106,yes,no
43,0,yes,no
40,23,yes,no
36,42,yes,no
39,429,yes,no
32,88,yes,no
44,3932,yes,no
43,177,yes,no
53,468,yes,no
41,639,yes,no
53,2124,yes,no
31,309,yes,no
51,202,yes,no
32,20,yes,yes
52,-17,yes,no
41,-417,yes,no
30,528,yes,no
32,394,yes,no
31,856,yes,no
38,468,yes,no
44,138,yes,no
36,406,yes,no
34,221,yes,no
40,523,yes,yes
41,-52,yes,no
56,397,yes,no
39,-432,yes,no
34,298,yes,no
41,1080,yes,yes
39,-85,yes,no
33,4012,no,yes
52,123,no,no
26,498,yes,no
54,23,yes,no
30,-315,yes,no
35,89,no,yes
47,699,yes,no
53,145,yes,no
29,-138,yes,yes
36,491,yes,no
35,820,yes,no
43,1376,yes,no
38,0,yes,no
39,507,yes,no
58,771,no,no
33,310,yes,no
60,136,yes,no
45,310,yes,no
39,813,yes,no
35,14,yes,yes
41,-97,yes,no
40,332,yes,no
33,5034,yes,no
32,281,yes,no
44,576,yes,no
34,1891,yes,no
29,473,yes,yes
49,216,yes,no
31,-13,yes,no
47,162,yes,no
34,365,yes,no
32,264,yes,no
32,490,yes,no
56,230,yes,no
28,-9,yes,yes
35,317,yes,no
52,458,yes,yes
35,19,yes,no
32,536,yes,no
42,117,yes,no
51,368,yes,no
47,-98,yes,no
34,627,yes,no
45,180,yes,no
31,26,yes,no
40,2171,yes,no
53,-118,yes,no
44,1059,yes,no
49,186,yes,no
47,1306,yes,no
31,3007,yes,no
45,-88,yes,no
30,265,yes,yes
40,21,yes,no
27,230,yes,no
28,252,yes,no
28,422,yes,no
44,85,yes,no
35,4286,yes,no
29,0,no,no
33,60,no,no
32,687,yes,no
35,40,yes,no
31,22,yes,no
36,-333,yes,yes
41,483,yes,no
35,503,yes,yes
40,1245,yes,no
42,117,yes,no
34,33,yes,yes
41,-320,yes,no
43,49,yes,no
37,0,yes,no
26,100,yes,no
32,344,yes,no
51,-286,yes,no
38,57,yes,no
51,370,no,no
49,470,yes,no
31,0,yes,no
33,767,yes,no
30,1,no,no
33,0,no,no
41,121,yes,no
37,190,yes,no
33,120,yes,no
32,2068,yes,yes
46,332,yes,no
34,-322,no,no
32,274,yes,no
43,3,yes,no
28,6,yes,no
46,288,yes,no
52,146,yes,no
34,286,yes,no
27,114,yes,yes
32,190,yes,yes
37,111,yes,no
29,246,yes,no
40,108,no,no
47,187,yes,no
34,457,yes,no
25,131,yes,yes
30,1825,yes,no
31,307,yes,no
35,-198,yes,no
32,739,yes,no
28,759,yes,no
27,777,yes,no
37,378,yes,no
35,337,yes,no
34,-78,yes,no
31,355,yes,no
36,133,yes,no
38,32,yes,no
25,55,yes,yes
51,417,yes,no
26,153,yes,no
40,794,no,no
26,187,yes,no
36,335,yes,no
59,1407,yes,no
26,-116,yes,yes
49,1842,yes,no
33,329,yes,no
31,428,yes,no
59,181,yes,no
38,2139,yes,no
37,253,yes,yes
31,133,yes,no
54,785,yes,no
41,-45,yes,yes
44,223,yes,no
28,2831,yes,no
22,2412,yes,no
31,11,yes,no
36,211,yes,no
37,34,yes,no
54,222,yes,no
28,3285,yes,no
42,-67,yes,no
35,670,yes,no
29,0,yes,no
59,96,yes,no
46,-3,yes,no
32,123,yes,no
43,443,yes,no
41,406,yes,no
31,535,no,no
26,302,yes,no
29,-43,yes,no
31,-346,no,no
37,-271,yes,no
35,55,yes,no
31,375,yes,no
30,-2,yes,no
29,-680,yes,no
29,0,no,no
39,217,yes,no
31,160,yes,no
27,118,yes,no
22,-1,yes,no
31,453,yes,no
39,169,yes,no
25,787,yes,no
27,78,yes,no
28,2269,yes,no
31,213,yes,no
46,164,yes,no
37,934,no,no
27,4,yes,yes
34,354,yes,no
30,23,yes,no
23,318,yes,no
33,-305,no,yes
43,616,yes,no
50,2590,yes,no
31,1868,yes,no
32,-578,no,no
32,-227,yes,yes
37,1981,yes,no
60,404,yes,no
47,65,yes,no
32,-1,yes,no
34,-68,yes,no
36,0,yes,no
28,229,yes,no
31,1656,yes,no
43,1342,yes,yes
32,331,yes,no
31,238,yes,yes
56,202,yes,no
34,318,yes,no
46,-1124,yes,yes
27,662,yes,no
33,1790,yes,yes
35,198,yes,no
29,726,yes,no
39,183,yes,no
48,149,yes,no
58,-91,yes,no
36,-9,yes,no
33,134,yes,no
32,0,no,no
32,6259,yes,no
31,27,no,yes
30,383,yes,no
30,1108,yes,yes
40,117,yes,no
35,108,yes,no
42,479,yes,no
60,65,yes,no
28,234,no,no
29,-53,yes,no
33,-131,yes,yes
23,-39,yes,yes
34,139,yes,no
29,262,yes,no
32,160,yes,no
55,186,yes,yes
39,-79,no,no
37,1113,yes,no
26,82,yes,no
35,321,yes,no
26,1326,yes,no
34,2257,yes,no
55,1373,no,no
39,304,yes,yes
27,659,yes,no
30,491,yes,no
28,101,yes,no
33,33,yes,no
43,291,yes,no
50,218,yes,no
26,102,yes,no
33,88,yes,no
47,94,yes,no
33,-665,yes,yes
34,-331,yes,yes
33,550,yes,no
23,151,yes,no
29,5406,no,no
33,269,yes,no
41,2457,yes,no
27,45,yes,no
34,610,yes,no
53,-133,yes,no
34,66,yes,no
40,10,yes,no
27,350,no,no
33,546,yes,yes
40,360,yes,no
21,6,no,no
31,0,yes,no
51,22,yes,yes
26,57,yes,no
26,1349,yes,no
32,708,no,no
31,1329,yes,yes
27,7459,yes,no
58,47,yes,no
39,-516,yes,no
30,0,yes,no
29,433,yes,no
38,9,yes,no
29,-6,yes,no
28,-197,yes,no
41,184,yes,no
43,336,yes,no
43,36,yes,no
37,277,yes,no
46,452,yes,no
53,-135,yes,no
28,7,yes,yes
41,442,yes,yes
36,590,yes,no
37,447,yes,no
38,49,yes,no
32,1118,yes,yes
33,390,yes,no
28,-125,yes,no
52,-97,yes,yes
30,18,no,no
37,131,yes,no
27,527,yes,no
31,1129,yes,no
47,266,yes,no
33,687,yes,no
46,1726,yes,yes
38,-388,yes,no
33,92,yes,no
44,-11,yes,no
35,1510,yes,no
38,171,yes,no
56,420,yes,no
33,513,yes,no
45,137,yes,no
30,21,yes,no
34,-312,yes,no
32,-208,yes,yes
32,2,no,no
27,1033,yes,no
48,855,yes,no
54,781,yes,no
29,542,yes,no
37,-175,yes,no
26,79,yes,yes
43,3,yes,no
31,4471,yes,no
55,2313,yes,no
45,-139,yes,no
35,300,yes,no
57,-3313,yes,yes
49,352,yes,no
23,105,yes,yes
49,164,yes,no
35,-202,yes,no
38,-256,yes,no
39,1261,yes,no
27,-503,yes,no
37,790,no,no
57,0,yes,no
38,638,yes,no
26,47,yes,no
46,242,yes,no
44,469,yes,no
44,271,yes,yes
28,948,yes,no
37,-356,no,yes
43,336,yes,no
25,61,yes,no
34,359,yes,no
39,105,yes,no
35,6809,yes,no
32,59,yes,yes
31,0,no,yes
42,0,yes,no
31,216,yes,no
30,2530,yes,no
29,356,yes,no
29,-228,yes,no
36,198,yes,no
41,510,yes,no
37,223,yes,no
32,4,yes,no
39,338,yes,no
31,0,yes,no
33,328,yes,no
30,255,yes,no
24,304,no,no
55,-256,yes,yes
27,683,yes,no
47,84,yes,no
29,608,yes,no
56,230,no,no
31,12,yes,no
46,881,yes,no
47,77,yes,no
29,510,yes,no
35,1555,yes,no
31,68,yes,no
29,43,yes,no
48,244,yes,no
59,1376,no,yes
44,392,yes,no
30,-396,yes,no
50,89,yes,no
25,10,yes,no
32,150,yes,no
49,1387,yes,yes
38,253,yes,no
29,853,yes,no
51,91,yes,no
29,348,yes,no
32,43,yes,no
43,-178,yes,no
34,2137,no,no
37,1160,yes,no
29,3986,yes,no
39,126,yes,no
34,6411,yes,yes
28,655,yes,no
37,2378,yes,no
29,15,yes,yes
25,96,yes,no
33,191,yes,no
34,391,yes,no
50,31,yes,no
35,73,no,no
53,0,no,no
41,156,yes,no
48,231,yes,no
32,-83,yes,no
38,138,no,no
57,221,yes,no
50,3284,yes,no
40,4190,no,no
45,5694,yes,no
34,297,yes,no
32,-89,yes,no
28,244,yes,no
30,152,yes,no
41,1696,yes,no
36,714,no,no
49,315,yes,no
32,312,yes,no
53,913,yes,no
44,-407,yes,no
34,338,yes,no
56,-435,yes,yes
27,769,yes,no
32,120,yes,yes
43,0,no,no
34,9569,yes,no
35,351,yes,no
28,2,yes,no
52,226,yes,no
36,95,yes,no
35,123,yes,no
30,15,yes,no
23,375,yes,no
37,1190,yes,no
29,487,yes,yes
28,123,yes,no
56,2272,yes,no
27,133,yes,yes
33,447,yes,no
53,-864,yes,no
47,8,no,no
50,107,yes,no
31,620,no,no
31,42,yes,no
37,-120,yes,no
37,493,yes,no
48,296,yes,no
31,6248,yes,no
34,484,no,no
32,12,yes,no
54,154,no,no
31,606,yes,no
55,560,yes,no
27,564,yes,no
36,771,yes,no
33,0,yes,yes
43,757,yes,no
42,333,yes,no
48,418,yes,no
41,-256,no,yes
36,494,yes,no
32,85,yes,no
58,127,yes,no
40,69,yes,no
31,713,yes,no
42,-10,yes,no
34,-294,yes,no
34,222,yes,no
35,86,yes,no
57,0,yes,yes
28,26,no,no
50,103,yes,no
46,-80,yes,no
28,131,yes,no
57,106,no,no
49,15,no,no
56,4542,no,no
56,172,yes,no
49,0,yes,no
50,107,yes,no
47,15,no,no
45,101,yes,no
44,304,yes,no
51,7816,yes,no
34,0,yes,no
25,784,yes,yes
30,2581,no,no
39,507,yes,no
25,333,yes,no
34,-220,yes,yes
25,249,yes,no
33,-257,yes,no
44,210,no,yes
55,18722,yes,no
54,42,yes,no
43,210,yes,no
35,325,no,no
27,123,yes,no
42,-25,yes,no
40,66,yes,no
31,0,yes,yes
29,409,yes,no
49,4785,no,no
59,121,yes,no
37,0,yes,no
60,231,yes,no
25,1135,yes,no
28,-201,yes,no
40,-278,yes,no
43,16,yes,no
51,-283,yes,no
28,-103,yes,no
54,113,no,no
37,194,yes,no
35,247,yes,no
26,-402,no,yes
55,-40,yes,no
57,3867,yes,no
39,36,yes,no
36,2167,yes,yes
35,243,yes,no
33,2,yes,yes
40,737,yes,no
31,286,no,no
32,311,no,no
27,541,yes,no
31,2963,yes,no
28,-871,yes,no
33,75,yes,yes
31,2597,yes,no
25,-454,yes,no
29,0,no,no
47,304,yes,no
59,220,yes,no
35,561,yes,no
33,211,yes,no
31,4509,yes,no
42,196,yes,no
26,124,yes,no
34,381,yes,no
31,184,yes,no
30,-149,yes,yes
54,-337,yes,no
52,210,yes,no
40,737,yes,yes
56,75,yes,no
25,641,yes,no
60,78,yes,no
43,1558,yes,no
32,227,yes,no
48,602,yes,no
43,798,yes,no
37,1047,yes,yes
52,111,yes,no
25,-439,yes,no
31,37,yes,no
35,362,yes,no
27,1,yes,no
41,304,yes,no
34,-89,yes,no
55,276,yes,no
26,288,yes,no
36,650,yes,no
45,171,yes,no
27,-302,yes,no
31,337,no,no
29,891,no,no
26,199,yes,yes
46,997,yes,no
32,108,yes,yes
25,40,no,no
54,208,no,no
31,6890,yes,no
33,395,yes,no
28,-214,yes,no
39,496,yes,no
37,183,yes,no
36,199,yes,no
56,179,yes,no
59,434,yes,no
30,122,yes,no
59,371,yes,no
27,3675,no,no
29,11,yes,no
48,194,yes,yes
44,23,yes,no
33,1011,yes,no
39,446,yes,no
46,-29,yes,no
28,957,yes,yes
31,297,yes,no
40,888,yes,no
37,115,yes,no
29,177,yes,no
29,-28,yes,no
24,951,yes,no
32,5,yes,no
26,586,yes,yes
47,-1445,yes,no
26,-23,yes,no
28,-284,yes,no
58,1166,yes,no
35,244,yes,no
29,-72,yes,no
56,1399,yes,no
43,0,yes,no
45,431,yes,no
31,130,yes,yes
34,187,yes,no
32,142,yes,no
33,14,yes,no
28,-219,yes,no
43,275,yes,no
49,5028,yes,no
27,118,yes,yes
30,290,yes,no
32,1064,yes,no
37,904,yes,no
31,628,yes,no
56,13,yes,no
26,450,yes,yes
43,-63,yes,no
48,164,yes,no
31,985,yes,no
36,616,yes,yes
24,237,yes,no
29,380,no,yes
23,290,yes,no
54,104,yes,no
24,117,yes,yes
25,276,yes,no
36,-475,yes,no
40,838,yes,no
29,382,yes,no
29,624,yes,no
48,396,yes,no
23,5,no,no
37,18,no,no
31,-464,yes,yes
29,330,yes,no
56,2087,yes,no
28,-260,yes,no
44,236,yes,no
48,684,yes,yes
30,458,yes,no
32,324,yes,no
41,1052,yes,yes
30,37,no,no
37,454,yes,no
30,573,yes,no
28,34,yes,no
33,341,no,yes
41,31,no,no
42,-189,yes,no
50,424,yes,no
23,250,yes,no
38,3165,yes,no
31,387,yes,no
35,855,yes,no
52,944,yes,no
36,134,no,no
28,2845,yes,no
27,2420,yes,no
24,1535,yes,no
45,0,no,no
39,504,yes,no
38,-329,yes,no
24,94,yes,no
35,538,yes,no
32,-18,yes,no
48,26,yes,no
36,177,yes,no
46,633,yes,no
28,205,yes,no
50,1114,yes,yes
44,78,yes,no
38,762,yes,no
33,1862,yes,no
57,73,no,no
40,2576,yes,yes
42,470,yes,no
32,206,yes,yes
55,0,yes,yes
25,-76,yes,no
42,1750,yes,no
23,1104,yes,no
31,286,yes,yes
21,137,yes,no
34,247,yes,yes
46,-43,no,no
55,309,yes,no
33,339,yes,no
47,218,yes,no
33,4128,yes,no
40,867,yes,yes
32,1345,yes,no
48,40,no,no
32,1466,yes,no
26,96,yes,no
38,332,yes,no
46,1474,yes,no
49,783,yes,no
33,239,no,no
45,27,yes,no
32,-24,yes,no
39,23,yes,no
53,6386,yes,no
28,-353,yes,no
31,-474,yes,no
34,714,yes,no
40,570,yes,no
29,16,no,no
34,1504,yes,no
38,551,yes,no
31,-759,yes,no
32,1097,yes,no
31,520,yes,no
53,0,no,no
38,573,yes,no
57,0,yes,no
58,146,yes,no
50,-37,yes,no
36,90,yes,no
46,0,yes,no
39,1242,yes,no
31,98,yes,yes
44,295,yes,no
53,465,no,yes
35,1473,yes,no
40,3122,yes,no
30,317,yes,no
33,176,yes,no
39,661,yes,no
25,1,yes,yes
35,-12,yes,no
43,1401,yes,no
41,171,yes,no
55,431,yes,no
49,265,yes,no
30,227,yes,yes
37,336,yes,no
46,41,yes,no
36,1554,yes,no
45,141,yes,no
48,762,yes,no
22,650,yes,no
46,250,no,no
39,130,yes,no
56,11,no,no
35,36,yes,no
45,333,yes,no
28,487,yes,no
32,594,yes,no
52,1135,yes,yes
26,-3,yes,no
22,-168,yes,no
35,414,no,no
44,166,yes,no
31,472,yes,no
28,-95,yes,no
23,158,yes,no
26,8,no,no
31,296,yes,no
27,-541,yes,yes
34,23,no,no
25,17,yes,no
25,335,yes,no
22,395,yes,no
37,178,yes,no
26,101,yes,no
32,-428,yes,no
26,24299,yes,no
27,181,no,no
22,83,yes,no
32,175,yes,no
33,5,yes,no
34,3185,yes,no
31,2577,yes,no
28,216,yes,no
37,166,yes,no
45,323,yes,no
31,334,yes,no
48,86,yes,no
24,845,yes,no
24,-126,yes,yes
45,-3,yes,no
26,54,yes,no
24,-192,yes,no
29,125,yes,no
34,2146,yes,no
30,-522,yes,no
21,99,yes,no
42,-1664,yes,no
32,2,yes,no
40,2172,yes,yes
33,168,yes,no
32,62,yes,yes
25,768,yes,no
41,429,yes,no
37,36,yes,no
29,0,yes,no
29,544,yes,no
46,91,yes,no
32,-3,yes,no
30,1374,yes,no
38,119,yes,no
22,279,yes,no
22,594,yes,no
32,-121,yes,yes
36,-195,yes,no
30,-208,yes,yes
26,309,yes,no
41,210,yes,no
42,135,yes,no
45,66,yes,no
24,-122,yes,no
54,0,no,no
33,-90,yes,no
28,286,yes,no
36,-423,yes,yes
34,505,yes,no
28,296,yes,no
31,279,yes,no
53,367,yes,yes
20,129,yes,yes
47,-13,no,no
33,1309,yes,no
24,-10,yes,no
23,5,yes,no
27,71,yes,no
23,281,yes,no
30,173,yes,no
34,383,yes,no
55,39,yes,no
57,1052,yes,no
59,-49,yes,no
20,-103,yes,no
30,-846,yes,no
41,705,yes,no
37,1950,yes,no
31,253,yes,no
39,595,yes,no
28,-185,yes,yes
44,353,yes,no
31,2363,yes,no
28,52,yes,no
51,205,yes,yes
34,1557,yes,yes
24,596,yes,no
29,-114,yes,no
50,478,no,no
21,614,yes,no
29,783,yes,no
26,401,yes,no
26,92,yes,no
21,-273,yes,yes
23,2594,yes,no
25,382,yes,no
40,-166,yes,no
39,-141,yes,no
25,-250,yes,no
26,3825,yes,no
57,0,no,no
61,1060,yes,no
34,-185,yes,yes
47,955,yes,no
31,263,yes,no
45,4646,yes,no
33,989,yes,yes
27,232,yes,yes
41,1483,yes,no
58,7495,yes,no
45,0,yes,yes
49,2199,yes,no
42,476,yes,no
52,148,yes,no
52,3241,yes,no
49,2665,yes,no
59,1875,yes,no
54,879,yes,no
46,1934,yes,no
44,0,no,no
26,380,yes,no
46,2485,yes,no
59,5521,yes,yes
43,24,yes,no
50,160,yes,no
26,-204,yes,no
54,363,yes,no
44,181,no,no
36,307,yes,no
51,193,yes,no
59,3382,yes,no
42,1823,yes,no
41,-111,yes,no
43,3373,yes,no
40,92,yes,no
32,463,yes,no
55,1192,yes,no
59,2376,no,no
30,-166,yes,yes
47,3960,yes,no
23,4,yes,no
44,23,yes,no
45,639,yes,no
35,2144,yes,no
41,225,yes,yes
59,13308,yes,no
29,95,yes,no
48,1199,yes,no
49,400,yes,no
60,1262,yes,yes
45,849,no,no
48,1949,yes,no
45,-395,yes,no
48,618,no,no
54,0,yes,no
44,0,yes,yes
46,355,yes,no
52,131,yes,yes
44,6203,yes,yes
52,1635,yes,no
46,580,yes,no
54,1814,no,no
49,159,yes,no
46,48,no,no
48,189,yes,no
43,-633,yes,yes
50,5356,no,no
44,476,yes,no
43,4478,yes,no
51,3132,no,no
59,-892,yes,no
52,11,yes,no
35,414,yes,no
36,1165,yes,no
32,3839,yes,no
41,196,yes,no
47,521,yes,no
45,350,yes,yes
45,8680,yes,no
45,0,yes,no
29,309,yes,no
36,125,yes,no
37,368,yes,no
44,1362,yes,no
56,296,yes,no
52,2240,yes,no
57,1026,yes,no
54,1301,yes,no
49,199,no,no
24,11,yes,no
42,5,yes,no
40,373,yes,yes
25,1270,yes,no
28,416,yes,no
53,-27,no,no
40,221,yes,no
27,331,yes,no
34,402,yes,no
56,123,no,no
45,105,yes,yes
27,0,yes,no
53,1691,no,no
34,2,yes,no
44,3,yes,no
46,399,yes,no
53,1421,yes,no
26,8,yes,yes
31,150,yes,yes
35,-371,yes,no
43,1916,yes,no
47,300,yes,no
37,175,yes,yes
57,3571,no,no
41,1135,yes,no
55,789,yes,no
51,2195,yes,no
27,1311,yes,no
53,-689,yes,no
39,14,yes,yes
35,56,yes,no
28,26765,no,no
29,17,yes,no
51,463,yes,no
46,751,yes,no
50,3478,yes,no
56,88,yes,no
28,64,yes,no
51,36,yes,no
54,42,yes,no
47,113,yes,no
49,358,yes,yes
46,274,yes,no
41,0,yes,no
45,985,yes,no
31,81,yes,no
53,592,yes,no
60,791,yes,no
55,708,yes,no
54,51,yes,no
46,0,yes,no
41,356,yes,no
34,34,yes,no
51,12061,yes,no
31,513,yes,no
55,6958,yes,yes
44,126,yes,no
25,54,yes,no
36,373,yes,no
33,304,yes,no
46,781,no,no
43,42,no,no
46,618,yes,no
53,1570,yes,no
52,1161,yes,no
57,0,no,no
31,-745,yes,no
54,88,yes,no
37,1330,yes,no
41,641,yes,no
44,1423,yes,no
26,8206,yes,no
40,4436,yes,no
32,1611,yes,yes
44,607,yes,no
44,300,yes,no
35,304,yes,no
49,254,yes,no
44,3790,yes,no
40,59,yes,no
39,1554,yes,no
51,257,yes,no
59,643,yes,no
42,128,yes,no
47,743,yes,yes
57,1460,no,no
42,-32,yes,no
40,1117,yes,no
44,2887,yes,no
38,446,yes,no
51,1212,yes,no
48,2218,yes,no
48,705,no,no
42,299,yes,no
48,313,yes,no
49,12482,yes,yes
44,29312,no,no
44,2226,yes,yes
32,1940,yes,yes
43,576,yes,yes
44,0,yes,yes
53,887,yes,no
43,17,yes,no
31,106,yes,no
48,489,yes,no
46,148,yes,no
41,14,yes,yes
26,1531,yes,no
26,3108,yes,no
52,26,yes,no
47,2466,yes,no
47,1045,yes,no
27,-588,no,no
31,413,yes,no
60,0,yes,no
58,193,yes,yes
44,1340,yes,no
32,363,yes,no
33,-306,yes,yes
38,607,yes,no
35,556,yes,no
47,449,yes,yes
32,338,yes,no
41,-4,yes,yes
30,623,yes,no
60,1390,no,yes
36,719,yes,no
46,369,yes,no
58,1357,yes,no
52,0,yes,no
55,0,yes,no
43,2047,yes,no
24,507,yes,no
24,-427,yes,no
25,53,yes,no
40,93,yes,no
31,822,yes,no
31,849,yes,yes
26,-214,yes,no
52,161,yes,no
25,800,yes,no
40,598,yes,no
42,-135,yes,no
31,0,yes,yes
43,59,no,no
57,452,yes,no
30,49,yes,no
23,-213,no,no
53,2477,yes,no
44,264,yes,no
48,4265,yes,no
59,559,yes,no
33,-15,yes,no
60,926,yes,no
42,693,yes,no
44,9956,yes,no
50,1300,yes,no
54,2626,no,no
29,-44,yes,no
59,593,no,no
37,511,yes,no
55,493,yes,no
53,599,yes,no
31,272,yes,no
49,735,yes,no
28,15,yes,no
47,159,yes,no
31,651,yes,no
49,198,yes,no
59,-278,yes,no
34,-100,yes,no
43,15,yes,no
38,0,no,no
41,108,yes,yes
44,617,yes,no
31,516,yes,no
35,11,yes,no
37,1026,yes,no
58,3635,no,no
24,32,no,no
35,-123,yes,no
33,-238,yes,no
40,1089,yes,yes
46,3749,yes,no
41,3140,yes,no
33,221,yes,no
35,300,yes,no
57,515,yes,no
40,819,yes,no
36,722,yes,no
47,3346,yes,yes
50,419,yes,no
51,330,yes,no
41,1576,yes,no
38,258,yes,no
39,317,yes,no
25,57,yes,yes
43,3285,yes,no
33,152,yes,no
45,2429,yes,no
58,3111,yes,no
57,1352,yes,no
27,37,yes,no
25,640,yes,no
38,113,no,no
28,468,yes,no
33,184,yes,no
44,633,yes,no
57,7,yes,no
46,57,yes,no
57,0,yes,no
42,419,yes,yes
46,120,yes,no
39,580,yes,no
27,362,yes,no
42,43,yes,no
58,749,yes,no
42,243,yes,no
48,9004,no,no
57,2236,yes,no
52,3348,yes,no
54,2062,yes,no
55,188,no,no
46,1483,yes,no
48,2550,yes,no
25,53,yes,no
38,547,yes,no
46,1374,no,yes
48,67,yes,no
43,4998,yes,no
52,0,no,no
27,-2,yes,yes
29,23,yes,no
49,512,yes,yes
30,447,no,no
50,1917,yes,no
58,4871,yes,no
44,326,yes,no
52,0,yes,yes
44,0,no,no
27,14,no,no
35,692,yes,yes
31,369,yes,yes
31,591,yes,no
52,3923,yes,no
44,0,yes,no
28,348,yes,yes
41,102,yes,yes
54,447,yes,no
46,2121,yes,no
48,5154,yes,no
31,393,yes,no
42,5879,yes,no
40,-31,yes,no
56,871,yes,no
45,37378,yes,no
53,1443,yes,no
31,752,yes,no
42,1093,yes,no
51,573,yes,yes
52,258,no,no
48,247,yes,yes
28,202,yes,no
34,302,yes,no
50,736,yes,no
46,0,yes,no
54,532,yes,no
43,0,no,no
55,7378,no,no
47,4666,no,no
43,1516,yes,no
45,0,yes,yes
46,6085,yes,yes
39,-183,yes,no
26,91,yes,no
40,30,yes,no
48,24,yes,no
53,522,yes,no
40,770,yes,no
54,1288,yes,no
46,1029,yes,no
47,4135,yes,no
50,204,yes,yes
59,1534,yes,no
44,0,yes,no
42,877,yes,no
52,478,yes,no
30,1130,yes,no
46,2401,yes,no
45,740,yes,no
29,993,no,no
53,896,yes,no
55,332,yes,no
45,1088,no,no
35,51,yes,no
52,1541,yes,no
40,413,yes,no
42,2656,yes,no
41,1618,yes,no
42,146,yes,no
40,153,yes,no
41,4505,yes,no
57,0,yes,no
45,520,yes,no
47,4151,yes,no
40,3382,yes,no
33,261,yes,no
49,1160,yes,no
39,517,yes,yes
50,2956,yes,no
60,1327,yes,yes
53,8417,yes,no
58,-172,yes,no
52,2257,yes,no
42,277,yes,no
42,902,yes,no
43,212,yes,no
51,513,yes,no
53,2272,yes,no
53,719,yes,no
42,1,no,no
40,503,yes,no
59,1521,yes,yes
59,2516,yes,yes
48,468,yes,no
25,329,yes,no
59,259,yes,yes
49,769,yes,no
42,-700,yes,no
37,15801,yes,no
40,7831,yes,no
31,0,no,no
41,-68,yes,no
60,2639,yes,no
42,1076,yes,no
48,584,yes,no
43,2706,yes,yes
47,1294,yes,no
40,771,yes,no
55,283,yes,yes
51,482,yes,no
54,11,no,no
41,2823,yes,no
41,338,yes,no
53,5700,yes,no
46,3028,yes,yes
45,2418,yes,no
48,1405,yes,no
44,0,yes,no
47,2775,no,no
49,611,yes,yes
41,1654,yes,no
54,1691,yes,no
48,427,no,no
30,938,yes,no
45,626,yes,no
40,874,no,no
42,24,no,no
48,7373,yes,no
40,1535,yes,no
47,2,yes,yes
47,829,yes,yes
33,164,yes,no
54,1765,yes,no
46,1733,yes,no
53,383,yes,no
25,777,yes,no
50,0,yes,no
40,1522,yes,yes
53,4446,yes,no
41,923,yes,no
41,1309,yes,no
42,1340,yes,no
47,3158,yes,no
48,1596,yes,no
43,887,yes,no
55,23189,yes,no
40,1010,yes,no
45,246,yes,no
54,918,yes,no
46,1429,yes,no
57,2439,yes,no
49,348,yes,no
49,387,yes,no
41,22,yes,no
42,3641,yes,no
42,2535,yes,no
49,1878,yes,no
42,3,yes,no
34,9,yes,no
47,502,yes,no
41,3634,yes,no
45,3395,yes,no
33,673,yes,no
53,600,yes,no
43,698,yes,no
40,2540,yes,no
34,357,yes,no
40,782,yes,no
41,2097,yes,no
44,-101,yes,no
57,628,yes,yes
42,0,yes,no
57,6874,yes,no
43,16,yes,no
45,1691,yes,no
60,1542,yes,no
41,1057,yes,no
49,11317,yes,no
42,-1300,no,no
41,299,yes,no
33,189,yes,no
56,1412,yes,no
49,0,yes,no
41,235,yes,no
48,20718,yes,no
41,1043,yes,yes
41,890,yes,no
30,768,no,yes
52,618,yes,yes
40,1313,no,no
60,3932,yes,no
28,334,yes,no
44,80,yes,yes
44,-27,yes,yes
32,2285,yes,no
53,193,no,no
41,-198,no,yes
57,1180,yes,yes
42,505,yes,no
31,6943,yes,no
46,243,yes,yes
40,3652,yes,no
46,3455,yes,no
55,2607,yes,no
52,2024,yes,no
50,0,yes,no
57,-222,no,no
28,1238,yes,no
46,33,yes,no
40,1000,yes,no
56,881,yes,no
48,403,yes,no
36,-38,yes,no
37,0,yes,no
41,221,yes,no
43,1109,yes,no
40,1416,yes,no
40,264,yes,no
45,141,yes,yes
44,1944,yes,no
53,694,yes,no
31,303,yes,no
50,2087,yes,no
53,369,yes,yes
56,166,yes,no
45,718,yes,no
47,4543,yes,no
33,1613,yes,no
57,-1,no,no
45,1410,yes,no
34,577,no,no
49,-63,yes,no
49,892,no,no
37,-113,yes,no
57,3240,yes,no
40,3658,yes,no
57,3545,yes,no
45,1292,yes,no
61,4248,yes,no
54,155,yes,no
46,501,yes,no
51,658,yes,no
42,3743,yes,no
42,329,yes,no
60,703,yes,no
41,7735,yes,no
41,455,yes,no
55,831,yes,no
46,1757,yes,no
54,1480,yes,no
51,7180,yes,no
47,4906,yes,no
35,592,no,yes
30,128,yes,no
32,160,yes,no
35,441,yes,no
48,8982,yes,no
36,338,no,no
53,10749,yes,no
48,638,yes,no
42,737,yes,no
38,7695,yes,no
32,91,yes,no
51,760,yes,no
34,683,yes,no
43,1311,yes,no
50,606,yes,no
44,0,yes,no
25,192,yes,no
60,751,yes,no
32,10600,no,no
44,447,yes,yes
26,3096,yes,no
36,998,yes,no
29,303,yes,no
29,1952,yes,no
42,171,yes,no
32,116,no,no
37,766,yes,no
50,-500,yes,no
44,2017,yes,no
43,672,yes,no
41,450,yes,no
45,-31,yes,no
41,5426,yes,no
57,629,yes,no
34,2800,yes,no
47,1549,yes,no
49,6050,yes,no
58,1406,yes,no
51,425,yes,no
30,-328,yes,no
47,430,yes,yes
29,6911,no,no
51,111,yes,no
49,1158,yes,no
43,823,yes,no
41,410,yes,no
29,1028,yes,no
42,1288,yes,no
34,-115,yes,no
44,474,yes,yes
44,2416,yes,no
30,233,yes,no
26,277,no,no
28,280,yes,no
42,2106,yes,yes
40,2610,yes,no
49,329,yes,no
42,1811,yes,no
29,387,yes,yes
47,6439,yes,no
42,1333,yes,no
45,864,yes,no
29,900,yes,no
41,744,yes,no
40,4370,yes,no
48,6532,yes,no
41,348,yes,no
60,2077,yes,no
44,1945,no,no
49,21,yes,no
47,4556,yes,no
48,1764,yes,no
44,248,yes,no
28,0,no,no
31,37,yes,no
29,236,yes,no
28,246,yes,no
43,206,yes,no
32,162,yes,no
44,976,yes,no
42,645,yes,yes
45,1794,yes,no
31,358,yes,no
48,9131,yes,no
45,532,yes,no
27,1150,yes,no
55,680,yes,no
45,245,yes,no
50,-13,yes,no
44,728,yes,no
45,137,yes,no
51,289,no,no
30,609,yes,no
43,15740,yes,no
41,574,yes,no
30,1480,yes,no
41,343,yes,no
29,424,yes,yes
31,413,yes,no
40,277,yes,no
41,2157,yes,no
43,738,yes,no
43,-101,yes,no
50,-52,yes,no
40,262,yes,no
23,-95,yes,no
37,66,yes,no
47,3630,yes,no
29,294,yes,no
46,1465,yes,no
31,0,yes,no
57,5961,yes,no
54,1487,yes,no
44,-295,yes,no
36,0,no,no
54,219,yes,no
38,1442,yes,yes
38,360,yes,no
40,339,yes,no
46,1427,yes,no
41,30,yes,no
33,483,yes,no
36,402,yes,no
59,5678,yes,no
49,0,no,no
49,2631,yes,no
44,112,yes,no
38,664,yes,no
44,2626,yes,no
43,28,yes,no
42,321,yes,no
41,1794,yes,no
52,989,yes,no
41,6029,yes,no
29,416,yes,no
36,-389,yes,no
42,1260,yes,no
34,82,no,no
35,94,yes,yes
41,5291,yes,no
57,3401,yes,no
46,0,yes,yes
58,-1196,yes,yes
50,810,yes,no
57,3105,yes,no
47,351,yes,no
46,2612,yes,no
47,556,yes,no
49,380,yes,no
49,953,yes,no
26,786,yes,yes
52,601,yes,no
47,651,yes,no
43,0,yes,no
20,79,yes,no
43,0,yes,no
53,4464,yes,no
40,422,yes,no
52,598,no,no
43,123,no,no
55,0,yes,no
41,718,yes,no
36,-406,yes,yes
57,3625,yes,no
30,-35,yes,no
41,1132,no,no
56,1121,yes,no
44,3407,yes,no
45,827,yes,no
43,471,no,yes
50,2938,yes,no
26,-219,yes,yes
34,719,yes,no
39,-439,yes,no
32,0,yes,no
46,74,yes,no
58,44,yes,no
54,52,yes,no
40,581,yes,no
42,860,yes,no
42,259,yes,no
50,95,yes,no
50,-516,yes,no
42,5774,yes,no
41,1384,yes,no
50,5131,yes,no
42,2918,yes,no
46,556,yes,yes
48,2235,yes,yes
50,-143,yes,no
52,1500,no,no
43,56831,no,no
57,2440,yes,no
49,2040,yes,no
30,678,yes,no
52,5006,yes,no
41,3291,yes,no
47,543,yes,no
46,4048,yes,no
27,0,yes,no
46,3269,yes,no
53,420,yes,no
51,0,no,no
47,201,yes,no
60,2537,yes,yes
47,107,no,no
48,6127,yes,no
45,4509,yes,no
52,-191,yes,no
53,183,yes,no
54,2883,yes,yes
46,2515,yes,yes
48,1108,yes,no
43,56,yes,yes
42,1270,yes,no
56,1894,yes,no
48,0,yes,yes
45,2217,yes,no
51,1330,yes,no
43,3173,no,no
42,2157,yes,yes
44,1033,yes,no
40,4157,yes,no
57,3381,yes,no
42,1882,yes,no
58,0,yes,no
40,1927,yes,no
49,3649,yes,yes
46,244,yes,no
54,1705,yes,no
60,1164,yes,no
42,9359,yes,no
43,1620,yes,no
41,149,yes,no
60,2479,yes,yes
51,6659,yes,yes
48,1913,yes,no
41,1563,yes,no
50,708,yes,no
41,1172,yes,no
60,2086,yes,no
54,524,yes,no
49,221,yes,no
47,52,yes,yes
36,-175,yes,no
45,-149,yes,no
49,1530,yes,no
47,-100,yes,no
46,1934,no,yes
29,137,yes,yes
44,276,yes,yes
52,1758,yes,no
33,49,yes,no
43,960,yes,no
45,959,yes,no
42,1306,yes,no
50,892,yes,yes
58,5618,yes,no
50,605,yes,no
56,5041,yes,no
46,1004,yes,no
44,116,yes,no
52,225,yes,no
55,697,yes,no
44,2467,yes,no
46,523,no,no
47,106,yes,no
40,793,yes,no
48,1757,yes,no
34,87,yes,no
46,1480,yes,no
43,960,yes,yes
40,2651,yes,no
39,0,yes,no
57,3123,yes,no
54,950,yes,no
46,3714,yes,no
41,957,yes,no
47,3216,yes,no
40,8150,yes,no
50,2212,yes,no
40,409,yes,no
47,-1385,yes,yes
57,2516,yes,no
47,2354,yes,no
44,560,yes,no
47,5306,yes,no
53,111,yes,no
59,320,yes,no
40,0,yes,yes
60,80,yes,no
45,1953,yes,no
57,2192,no,no
45,1992,yes,no
44,146,yes,no
21,0,yes,yes
42,2124,yes,no
30,2,yes,no
57,1037,yes,yes
53,-394,yes,no
51,6510,no,no
53,4323,yes,no
54,4582,yes,no
44,2400,yes,no
56,1678,yes,no
46,405,yes,no
45,3583,yes,no
42,666,yes,no
49,716,yes,no
56,344,yes,no
44,641,no,no
54,653,yes,no
51,154,yes,no
49,3018,yes,no
45,660,yes,no
58,2577,yes,yes
53,2785,yes,no
42,1865,yes,no
49,341,yes,yes
53,1178,yes,no
50,516,yes,no
53,22370,yes,no
26,800,yes,no
46,1217,yes,no
45,9077,yes,no
50,461,yes,no
42,597,yes,no
42,9,yes,no
54,7864,yes,no
60,1224,yes,no
49,2623,yes,no
40,3676,yes,yes
45,953,yes,no
40,1061,yes,no
60,3020,yes,no
42,3405,yes,no
60,0,yes,no
60,-208,yes,no
41,849,yes,no
60,3820,no,no
23,76,yes,no
46,346,yes,no
44,-22,yes,no
29,874,yes,no
34,298,yes,no
59,7475,no,no
50,101,yes,no
60,2667,yes,no
49,2219,yes,no
55,158,yes,no
54,2933,yes,no
42,-181,yes,no
60,5788,yes,no
47,2796,yes,no
41,6526,no,no
47,1192,yes,no
41,665,yes,no
57,703,yes,no
53,4928,yes,no
44,1786,yes,no
35,-68,yes,yes
41,38,yes,no
28,0,yes,no
55,1105,yes,yes
55,9039,yes,no
40,-9,yes,no
35,6,yes,yes
58,577,no,no
25,6,yes,yes
43,78,yes,no
29,20,yes,no
46,87,no,no
41,-306,yes,no
60,79,yes,no
47,0,yes,no
60,751,yes,no
33,0,yes,no
34,1704,yes,no
57,0,yes,no
42,8,yes,no
47,39,yes,no
33,20,yes,no
43,293,yes,no
40,157,yes,no
35,487,yes,no
26,192,yes,no
53,136,yes,no
55,1328,yes,no
46,1038,yes,yes
24,51,yes,yes
47,3008,yes,yes
41,-204,yes,no
55,2923,yes,no
32,231,yes,no
30,-256,yes,no
54,234,yes,no
41,288,yes,no
42,1146,yes,no
43,3060,yes,no
54,907,yes,no
56,334,yes,no
54,1374,yes,no
30,124,yes,no
53,74,yes,no
45,1363,yes,no
41,680,yes,no
28,86,yes,yes
58,1713,no,no
57,3990,yes,no
54,3965,yes,no
39,193,yes,no
41,6060,yes,no
60,132,yes,no
42,1323,yes,yes
47,3237,yes,no
41,252,no,no
46,84,yes,no
45,0,yes,no
48,848,yes,no
57,84,yes,no
54,190,yes,no
30,1534,yes,yes
41,1278,yes,no
46,252,yes,no
35,1215,yes,no
28,-457,yes,no
58,347,no,no
35,0,yes,no
25,468,yes,no
56,28,yes,no
41,323,yes,no
44,38,yes,no
36,-318,yes,no
41,714,yes,yes
58,0,yes,no
46,536,yes,no
42,1048,yes,no
58,49,yes,no
53,-197,yes,yes
51,1779,yes,no
38,1372,yes,yes
54,24,yes,no
46,1934,yes,no
39,9541,no,no
22,364,yes,no
47,357,yes,yes
34,202,yes,no
42,281,yes,no
44,4580,yes,no
45,4060,yes,no
38,0,yes,no
46,1114,yes,no
34,4,yes,no
41,536,yes,no
27,431,yes,no
56,2552,yes,no
43,8016,yes,no
34,-353,yes,no
25,1139,yes,no
35,494,yes,no
46,676,yes,yes
32,287,no,no
55,741,yes,no
40,1842,no,no
43,4004,yes,no
41,102,no,no
33,279,yes,no
32,6,yes,no
39,644,yes,no
42,497,no,no
33,402,yes,yes
32,401,yes,no
46,31,yes,no
42,-628,yes,yes
39,598,yes,no
43,92,yes,no
33,-625,yes,no
59,2319,yes,no
48,981,yes,no
31,605,yes,no
47,10399,yes,no
54,784,yes,yes
48,680,yes,no
33,893,yes,no
27,94,yes,no
47,257,yes,no
56,739,yes,no
26,2,yes,yes
55,-171,yes,no
33,217,yes,no
52,826,yes,no
60,313,yes,no
50,106,yes,no
43,4520,yes,no
29,10576,no,no
54,366,yes,no
30,370,yes,no
50,4904,yes,no
48,0,yes,yes
55,72,yes,yes
56,0,no,no
48,1103,yes,no
36,1392,yes,no
41,-233,yes,no
30,78,yes,no
59,671,yes,yes
27,228,yes,yes
55,666,no,no
45,520,yes,no
58,3501,yes,no
44,185,yes,no
43,108,yes,yes
59,1423,yes,no
41,2453,yes,no
43,18,yes,yes
49,3061,yes,no
44,0,yes,no
48,559,yes,no
40,902,yes,no
43,421,yes,no
26,500,yes,no
46,756,yes,no
58,288,yes,no
53,1140,yes,no
56,2658,yes,no
43,632,yes,no
36,263,yes,no
34,-17,yes,no
51,701,yes,no
51,4497,yes,no
45,810,yes,no
54,-219,yes,no
42,679,yes,no
53,2925,yes,no
35,181,yes,no
49,3840,yes,no
55,2014,yes,yes
31,1819,yes,no
52,665,yes,no
50,395,yes,no
32,55,yes,no
34,326,yes,yes
42,1364,yes,no
33,-174,yes,no
43,5670,yes,no
31,1125,no,yes
25,0,yes,no
49,3657,yes,no
56,2256,yes,no
43,778,yes,yes
41,59,yes,no
46,668,yes,no
60,7440,yes,no
48,1001,yes,no
57,1,no,no
42,1320,no,no
50,1604,yes,no
36,900,yes,no
44,2984,yes,no
40,2562,yes,no
55,1102,yes,no
24,758,yes,no
52,1079,yes,no
49,2201,yes,no
30,271,yes,no
32,772,yes,no
46,435,yes,no
36,412,yes,no
44,809,yes,no
48,575,no,no
49,3033,no,no
44,412,yes,no
23,496,yes,no
45,749,yes,no
54,1439,yes,no
43,2767,yes,no
44,140,yes,no
52,4015,yes,no
37,77,yes,no
53,1074,yes,no
31,-720,yes,yes
56,690,yes,no
40,1231,yes,yes
58,714,yes,no
42,1742,yes,no
59,337,yes,no
45,-237,yes,yes
53,1739,yes,no
55,874,yes,no
60,1880,yes,no
48,3705,yes,no
43,1195,yes,no
47,2781,yes,no
33,175,yes,no
37,1,no,no
60,38,yes,no
52,2206,yes,no
31,358,yes,no
31,0,yes,no
53,4541,yes,no
45,120,yes,yes
56,-382,yes,no
36,146,yes,yes
40,574,yes,no
42,2519,yes,no
52,395,yes,no
46,8717,yes,no
59,975,yes,no
41,768,yes,no
61,280,yes,no
57,388,no,yes
32,289,no,no
55,1092,yes,yes
54,1394,yes,no
55,151,yes,no
31,-295,yes,no
43,7727,yes,no
49,247,no,no
31,33,yes,no
34,452,yes,no
31,635,yes,no
23,75,yes,no
35,1455,yes,no
43,2605,yes,no
31,56,no,no
45,89,yes,no
29,84,yes,no
27,7,yes,no
52,238,yes,no
58,2360,no,no
39,-21,no,no
52,409,yes,no
60,894,yes,no
52,108,yes,no
45,805,yes,no
58,2547,no,no
56,-124,yes,no
51,1414,yes,no
50,6258,yes,no
39,-176,yes,no
58,1533,no,no
51,1640,yes,no
45,91,yes,no
41,480,yes,no
28,643,yes,no
51,2547,yes,no
45,110,yes,no
46,35,no,no
43,-228,yes,yes
53,1139,yes,no
50,1332,yes,no
55,0,yes,no
52,779,yes,no
53,228,yes,no
51,22,yes,no
31,0,yes,no
41,2919,yes,no
39,186,yes,no
60,773,yes,yes
39,880,yes,no
41,218,yes,no
36,512,yes,no
40,1101,yes,no
29,1956,yes,no
32,0,no,no
45,104,yes,no
32,75,no,no
31,1301,yes,no
58,6,no,no
40,75,yes,no
40,44,yes,no
36,281,yes,no
40,2,yes,no
35,205,yes,no
39,2133,yes,yes
39,94,yes,yes
30,901,yes,yes
57,3431,yes,no
60,8837,yes,no
55,726,yes,no
40,26,yes,no
27,66,yes,no
40,2523,yes,no
28,82,yes,yes
32,0,yes,no
53,5558,yes,no
29,-507,yes,no
29,47,yes,no
45,-257,no,no
32,1423,yes,no
47,51,yes,yes
40,1688,no,no
33,0,yes,no
55,1000,yes,no
31,0,yes,yes
33,273,yes,no
42,153,yes,no
31,146,yes,no
41,732,yes,no
43,2539,yes,no
36,208,yes,no
48,542,yes,no
31,144,yes,no
45,999,yes,no
43,19,yes,no
42,63,no,no
40,446,yes,no
29,832,yes,no
26,246,yes,no
53,76,yes,yes
31,268,no,no
25,16,yes,no
26,-235,yes,no
36,0,yes,yes
43,207,yes,no
45,109,yes,no
56,975,yes,no
51,143,yes,no
47,1756,yes,no
44,-972,yes,yes
31,5,yes,no
46,36,yes,no
32,0,no,no
31,468,yes,no
45,804,yes,no
31,199,yes,no
40,257,yes,no
43,91,yes,no
26,102,yes,no
29,1,yes,yes
30,484,yes,no
39,0,yes,yes
51,196,yes,no
58,879,yes,no
44,3689,yes,no
49,1269,yes,no
30,67,yes,no
38,961,yes,no
40,181,yes,no
34,355,yes,no
41,0,no,yes
37,499,yes,no
32,-115,yes,no
31,92,yes,no
38,1146,yes,no
34,1029,yes,yes
42,534,yes,no
27,15,yes,no
35,1053,yes,no
43,6,no,no
29,-142,yes,no
33,2,yes,no
57,70,yes,no
50,556,yes,no
28,45,yes,no
45,9,yes,no
33,-131,yes,no
24,142,yes,yes
34,0,yes,yes
23,2,yes,no
59,646,yes,no
40,739,yes,no
44,1511,yes,no
33,58,no,no
29,163,yes,yes
39,385,yes,no
36,1343,yes,yes
34,169,yes,no
35,-613,yes,no
47,1496,yes,no
40,580,yes,no
30,-306,yes,yes
27,-41,yes,no
40,783,yes,yes
26,241,yes,no
46,245,yes,no
43,-26,yes,no
36,705,yes,no
32,23,yes,no
47,380,yes,no
29,4574,yes,no
36,183,yes,no
33,272,yes,no
57,4168,yes,yes
30,677,yes,no
59,174,yes,no
32,1877,yes,no
56,3690,yes,yes
25,109,yes,no
30,194,yes,no
32,8,yes,no
30,40,yes,yes
45,-1400,yes,no
47,-656,yes,no
25,1400,yes,yes
28,507,yes,no
30,75,yes,no
28,364,yes,no
27,1742,yes,no
32,1197,yes,yes
32,12269,no,no
40,1126,yes,no
29,105,yes,no
38,-650,no,no
37,117,yes,no
22,118,yes,no
23,178,yes,no
30,299,yes,no
27,0,yes,no
31,5,no,no
26,65,no,no
36,246,yes,no
29,1166,yes,no
37,49,yes,no
39,95,yes,no
38,113,yes,no
27,554,yes,no
58,269,yes,no
36,63,yes,no
24,-248,yes,no
25,32,yes,no
43,452,yes,no
38,467,yes,no
40,1758,yes,no
33,-416,yes,no
35,523,yes,yes
46,2499,yes,no
30,236,yes,no
24,3926,yes,no
24,409,yes,no
45,876,no,no
45,1163,no,no
53,708,yes,no
34,586,yes,no
24,656,yes,no
57,260,yes,no
55,571,yes,no
52,36,yes,no
54,0,yes,no
29,-63,yes,no
23,91,yes,no
24,0,no,no
59,169,yes,no
37,2188,no,no
40,2073,yes,no
54,29887,yes,no
35,53,yes,no
56,82,no,no
28,58,no,no
32,916,yes,no
40,37,yes,no
32,100,yes,no
41,124,yes,no
55,19,yes,no
52,420,no,no
58,906,yes,yes
29,0,yes,yes
44,532,no,no
53,634,yes,no
44,0,yes,yes
41,338,yes,no
44,0,yes,yes
38,2724,yes,no
27,-98,yes,yes
44,73,yes,no
45,636,yes,no
30,132,yes,no
47,282,yes,no
54,3343,yes,yes
29,-166,yes,no
50,363,yes,no
32,29,no,no
57,-524,yes,no
51,1194,yes,no
32,422,yes,no
27,3706,yes,no
41,356,yes,no
53,31,yes,no
29,272,yes,no
28,103,yes,no
27,-308,yes,no
49,16,yes,no
44,1485,yes,no
32,1,yes,yes
56,4391,yes,no
34,85,no,no
43,822,yes,no
41,647,yes,no
41,223,yes,no
47,242,yes,no
33,64,no,no
47,2597,yes,no
46,770,yes,no
46,4956,yes,no
30,122,yes,no
41,28,no,no
30,1011,yes,no
56,4166,yes,no
40,6110,yes,no
47,837,yes,yes
36,146,yes,no
60,458,yes,no
34,641,yes,yes
44,1310,yes,no
29,782,yes,no
48,478,yes,yes
55,-45,yes,no
60,36,yes,no
29,0,no,no
30,136,yes,yes
35,8,yes,no
37,934,yes,no
42,314,yes,yes
34,978,yes,no
50,567,yes,no
27,194,yes,no
45,4537,yes,no
50,318,yes,no
43,17,yes,no
32,715,yes,yes
55,1464,yes,no
40,-61,yes,yes
56,1297,yes,no
21,325,yes,no
27,276,no,no
24,770,yes,no
25,2,yes,yes
41,208,yes,no
49,495,yes,no
44,2185,yes,no
42,351,yes,no
45,71,yes,no
48,1155,yes,no
51,349,yes,no
33,153,yes,no
32,244,yes,no
41,493,yes,no
29,62,yes,yes
49,874,yes,no
49,259,no,no
25,304,no,no
33,371,yes,no
50,231,yes,no
50,1906,no,no
40,192,yes,no
32,158,yes,no
43,-57,yes,no
24,366,no,yes
49,327,yes,no
36,1125,yes,yes
42,642,yes,yes
31,-48,yes,no
30,298,yes,no
46,2207,yes,no
35,88,yes,no
44,2687,yes,no
33,307,no,no
42,398,yes,no
39,-388,yes,no
41,1649,yes,no
58,886,no,no
40,1161,yes,yes
37,281,yes,no
45,137,yes,yes
49,267,yes,no
35,767,yes,no
28,1112,yes,no
32,192,yes,no
45,1113,yes,no
44,696,yes,no
55,-268,yes,no
37,197,yes,no
28,317,yes,no
43,329,yes,no
35,510,yes,no
30,5,no,no
54,4393,yes,no
34,488,yes,no
30,442,yes,no
46,300,yes,no
52,1007,yes,no
44,195,yes,no
36,513,yes,no
44,399,yes,no
44,12,yes,no
24,77,yes,no
56,8318,yes,no
41,-104,yes,no
51,0,yes,no
53,2,yes,no
41,0,yes,no
26,-579,yes,no
53,2884,yes,no
30,863,yes,no
27,56,yes,no
32,358,yes,no
40,0,yes,no
55,2055,yes,no
35,568,yes,no
32,0,yes,yes
57,97,yes,no
32,217,yes,no
55,0,no,no
43,3608,yes,no
42,388,yes,yes
27,0,yes,no
36,279,no,no
32,193,yes,no
53,751,yes,no
34,305,yes,no
23,105,yes,no
31,548,yes,no
46,271,yes,no
31,246,yes,no
42,1932,yes,no
52,1066,yes,no
38,-326,yes,no
38,1465,yes,no
60,26,yes,no
42,10561,no,no
30,68,yes,yes
53,647,yes,no
35,368,yes,no
45,-183,yes,no
57,70,yes,yes
41,141,yes,no
44,75,no,no
56,22,yes,no
46,9,no,no
34,695,yes,yes
51,83,yes,no
27,-20,no,no
31,532,yes,no
51,0,yes,no
25,99,yes,yes
48,54,yes,no
37,792,yes,no
35,378,yes,no
58,8014,yes,no
47,584,yes,no
58,331,yes,no
36,122,yes,no
38,660,yes,yes
27,276,yes,no
44,-14,yes,yes
47,15,yes,no
26,-326,yes,no
29,2099,yes,yes
60,2589,yes,no
37,654,no,no
35,474,yes,no
44,294,yes,no
50,-6,yes,no
41,865,no,yes
26,379,yes,yes
43,8167,yes,no
46,357,yes,yes
54,2431,yes,no
46,1497,yes,no
46,7934,yes,no
55,1261,no,no
45,1124,yes,no
58,196,yes,no
48,-471,yes,no
38,497,yes,yes
57,1920,no,no
54,8180,no,no
40,2784,yes,no
44,556,no,no
55,517,yes,yes
40,-154,yes,yes
42,0,no,no
48,522,yes,no
52,-342,no,no
31,43,yes,no
60,12210,yes,no
51,8806,yes,no
50,2402,yes,no
44,-848,yes,no
33,0,no,no
43,674,yes,yes
46,778,yes,no
43,384,yes,yes
50,256,yes,no
41,1020,yes,no
50,1463,yes,no
50,761,yes,no
40,1380,yes,no
30,71,yes,no
44,-1249,yes,yes
51,4089,yes,no
40,3736,yes,no
38,2407,yes,no
52,1781,yes,no
49,4667,yes,no
44,2,yes,no
39,259,yes,no
43,445,yes,no
32,132,yes,yes
55,2,yes,no
55,283,yes,no
42,830,yes,no
26,75,yes,yes
54,158,yes,no
34,46,yes,yes
46,4301,yes,yes
25,815,yes,no
49,128,yes,no
59,457,yes,no
57,0,no,no
27,374,yes,no
38,3259,yes,no
41,-19,yes,no
56,316,yes,no
37,398,yes,no
32,2996,yes,no
47,292,yes,no
57,5431,yes,no
38,323,yes,no
30,1312,yes,no
43,953,yes,no
35,5,no,no
28,213,yes,no
38,976,yes,yes
45,970,yes,no
31,87,yes,no
38,59,yes,no
28,80,yes,no
40,3444,yes,no
30,12697,yes,yes
47,863,yes,no
27,0,yes,no
30,18,no,no
53,33,yes,no
48,281,yes,no
35,-206,yes,no
38,36,yes,no
32,1879,no,no
53,10,yes,no
25,77,yes,no
45,369,yes,no
28,43,no,no
30,392,yes,no
31,0,no,no
42,14752,no,no
60,738,no,no
28,836,yes,no
46,2851,yes,no
40,296,no,no
32,1076,yes,no
56,25,yes,no
20,-172,yes,yes
41,197,yes,no
48,5057,yes,no
49,284,yes,no
29,1012,yes,no
57,4378,yes,no
49,2718,no,no
42,103,yes,no
28,1827,yes,no
31,41,yes,no
26,484,yes,no
29,146,yes,no
26,3,yes,no
31,259,yes,no
38,830,yes,no
45,242,yes,no
24,0,yes,no
31,6042,yes,no
40,-341,yes,no
34,221,yes,no
24,-46,yes,no
26,-5,no,no
29,617,yes,no
30,134,yes,no
61,625,yes,no
26,775,no,no
31,221,yes,no
28,-31,yes,no
31,97,yes,no
52,81,yes,no
30,16,yes,no
32,144,yes,no
38,889,no,no
40,-481,yes,yes
38,680,yes,no
54,-754,yes,no
42,2993,yes,no
34,501,yes,no
42,365,yes,no
54,477,yes,no
27,72,yes,no
31,2085,yes,yes
34,705,yes,yes
31,754,yes,no
27,512,yes,no
25,300,yes,yes
20,67,yes,no
54,912,yes,no
30,0,yes,no
33,86,yes,no
22,0,yes,no
36,79,yes,no
44,87,yes,no
43,3196,yes,yes
44,181,yes,no
49,354,yes,no
27,220,yes,no
45,2128,yes,no
41,4357,yes,no
28,1306,yes,no
51,425,yes,no
49,68,yes,yes
42,1990,yes,yes
55,978,yes,no
41,0,yes,yes
51,824,no,no
46,679,yes,no
41,262,yes,no
32,86,no,yes
43,1017,yes,no
48,456,yes,yes
52,6353,yes,yes
29,103,no,no
51,467,yes,no
48,841,yes,no
34,0,yes,no
52,-346,yes,yes
31,157,yes,no
41,459,yes,no
40,464,yes,yes
51,2085,yes,no
42,1323,yes,no
31,75,yes,no
34,-288,yes,no
41,713,yes,no
43,1071,yes,no
54,887,yes,no
47,-288,no,no
41,3722,yes,no
40,3,yes,yes
23,85,yes,no
48,6489,yes,no
36,3457,no,no
44,409,yes,no
31,396,yes,no
32,101,yes,no
49,402,yes,no
23,525,yes,no
41,3855,yes,no
52,157,yes,yes
41,1897,yes,no
22,36,yes,no
60,171,yes,no
60,148,yes,no
35,208,yes,no
49,1536,yes,no
32,476,yes,yes
45,42,yes,no
29,-233,yes,no
45,1540,yes,no
28,3238,yes,no
21,210,yes,no
31,1629,yes,no
27,112,yes,no
43,1040,yes,no
24,76,yes,no
28,362,yes,no
42,1116,yes,no
40,-365,yes,no
42,2567,yes,no
31,19,yes,no
47,146,yes,yes
40,125,yes,no
31,47,yes,no
26,0,yes,no
52,0,no,no
31,462,yes,yes
44,4087,yes,no
27,16,no,no
41,665,yes,no
28,471,yes,yes
27,613,yes,no
34,645,yes,no
44,1087,yes,no
36,2079,yes,yes
37,1633,yes,no
27,1022,yes,no
32,1211,yes,no
31,9714,yes,no
51,642,no,no
47,1851,yes,no
23,405,yes,no
30,358,yes,no
50,170,yes,yes
52,2420,yes,no
34,1484,yes,no
28,422,yes,no
28,350,yes,yes
57,919,yes,yes
31,444,yes,no
35,1253,yes,no
49,320,yes,yes
32,1066,yes,no
28,-134,yes,no
51,1146,yes,yes
32,424,yes,no
37,122,yes,no
55,212,yes,no
27,5,yes,no
49,580,no,no
22,3992,yes,yes
36,141,yes,no
46,361,yes,no
57,8195,yes,no
55,3524,yes,no
34,1710,yes,yes
44,177,yes,no
45,199,no,no
30,0,no,no
30,880,yes,yes
45,771,yes,no
34,164,yes,no
41,501,yes,no
45,9051,yes,no
46,103,no,no
37,89,yes,no
45,4111,yes,no
42,170,yes,no
49,1854,yes,no
54,233,yes,no
60,819,yes,no
24,1019,yes,no
43,1147,yes,yes
49,279,yes,no
45,1263,yes,no
54,7449,yes,no
39,198,yes,no
23,710,yes,no
48,858,yes,no
38,1344,yes,yes
44,149,yes,no
53,208,yes,no
28,224,yes,no
38,91,yes,no
27,-3,yes,no
25,316,yes,yes
35,846,yes,yes
31,352,yes,no
40,-22,yes,no
27,4923,yes,no
53,6,no,no
32,312,yes,yes
37,61,yes,no
37,53,yes,no
47,-345,yes,no
36,0,yes,no
52,2231,yes,yes
52,337,yes,no
50,413,yes,no
45,1345,yes,no
52,522,yes,no
23,523,yes,yes
44,261,yes,no
27,3776,yes,no
57,437,yes,no
48,490,yes,no
51,6482,yes,no
53,3544,no,no
46,0,no,no
49,459,yes,no
30,3291,yes,no
41,2592,yes,no
42,596,yes,no
34,-56,yes,no
44,1161,yes,no
34,183,yes,no
28,154,yes,no
31,0,yes,no
48,479,no,no
38,-980,yes,no
38,690,yes,no
32,5306,yes,no
33,730,yes,no
41,397,yes,no
33,434,yes,no
37,897,no,no
55,0,yes,no
32,228,yes,no
33,201,yes,no
54,2847,yes,no
39,4039,yes,no
60,132,yes,no
30,9,yes,no
34,31,yes,no
57,0,yes,yes
36,4438,yes,no
39,6421,no,yes
38,171,yes,yes
37,42,yes,yes
36,806,yes,no
39,298,yes,no
35,24,yes,no
47,290,yes,no
37,425,yes,no
39,0,yes,no
35,1602,yes,yes
32,137,yes,no
30,3110,yes,no
38,419,yes,no
35,0,yes,no
31,-88,yes,no
35,274,yes,yes
38,0,yes,no
34,0,yes,no
30,162,yes,no
31,1222,yes,no
54,4482,yes,no
40,1259,no,no
35,499,yes,no
35,1861,yes,no
29,271,yes,no
33,622,yes,no
31,368,yes,no
51,492,yes,no
35,102,yes,no
38,736,yes,no
36,733,yes,no
37,3175,yes,no
29,43,yes,no
53,574,yes,no
34,4622,yes,yes
31,1820,yes,no
38,3750,yes,no
36,465,yes,no
36,860,yes,no
32,1583,yes,no
38,0,yes,no
36,7579,yes,no
35,4635,yes,no
31,827,no,no
32,0,yes,no
32,364,yes,no
36,380,yes,no
32,93,yes,no
33,6138,yes,no
30,1803,yes,no
39,0,yes,no
35,3187,yes,no
31,2,yes,no
30,695,yes,no
34,1042,yes,no
30,4648,yes,no
31,2089,yes,no
39,3059,yes,yes
36,412,yes,yes
32,863,yes,no
33,4434,yes,no
33,5499,yes,no
34,3997,yes,no
39,4904,yes,no
35,440,yes,no
60,-14,yes,no
34,759,no,no
33,603,yes,no
59,-41,yes,yes
31,78,no,no
36,84,yes,no
36,409,yes,no
38,732,yes,yes
32,328,yes,no
32,1698,yes,no
39,9374,yes,no
39,439,no,no
33,4958,yes,no
23,210,yes,no
39,2644,yes,no
36,17983,yes,no
38,614,yes,no
35,2137,yes,no
27,-291,yes,no
31,160,yes,yes
58,11,yes,no
34,2036,yes,yes
31,121,yes,no
36,-656,yes,no
34,1689,no,no
37,439,yes,no
37,1283,yes,no
33,1769,yes,no
33,2,yes,no
39,0,yes,yes
35,47,no,no
35,2054,yes,no
34,8132,yes,no
39,453,yes,yes
37,427,yes,no
42,2416,yes,no
40,877,yes,no
37,398,yes,yes
37,2240,yes,no
36,380,yes,no
35,1163,yes,no
35,4170,yes,no
37,5432,yes,yes
35,-52,yes,no
30,4011,yes,no
37,715,yes,no
31,2144,yes,no
56,8741,yes,no
37,362,yes,no
33,163,yes,no
40,-740,yes,no
38,434,yes,no
41,1629,yes,no
38,-152,no,no
36,3763,yes,no
31,1,yes,no
31,4,no,no
52,0,yes,yes
31,2007,yes,no
39,327,yes,no
35,-130,yes,no
22,14,yes,yes
38,4399,yes,no
39,780,yes,no
34,371,no,no
34,161,yes,yes
36,221,yes,no
32,706,yes,no
33,4897,yes,no
33,7,yes,no
36,2030,yes,no
32,489,yes,no
42,1059,yes,no
43,-8,yes,no
35,271,yes,no
37,2042,yes,no
33,-53,yes,no
26,268,yes,no
37,5122,yes,no
33,403,yes,no
40,0,yes,no
36,566,yes,no
35,356,yes,yes
36,722,yes,no
39,-607,yes,no
60,328,yes,no
34,126,yes,no
32,206,yes,no
33,136,yes,yes
59,14,yes,yes
35,5260,yes,no
34,458,yes,no
42,0,no,no
38,666,yes,no
33,89,yes,no
32,1660,no,no
30,673,yes,no
34,673,yes,yes
59,-313,yes,no
32,0,yes,no
54,167,yes,no
48,432,yes,no
36,8135,yes,no
29,0,yes,no
39,4286,yes,no
54,2177,no,no
36,0,no,no
33,105,yes,yes
32,1271,yes,no
41,83,no,no
34,709,yes,no
34,-93,yes,yes
53,736,yes,no
38,-242,yes,yes
33,3259,yes,no
32,11697,yes,no
33,210,yes,yes
35,2688,yes,no
34,0,yes,no
37,5064,yes,no
38,205,yes,no
39,75,yes,no
43,0,yes,no
39,2019,yes,no
38,178,yes,no
40,3559,yes,no
38,290,yes,no
32,138,yes,yes
31,5607,no,no
32,8291,no,no
37,6969,yes,no
30,18,no,no
46,583,yes,no
36,7171,yes,no
34,500,yes,no
32,113,yes,yes
34,0,yes,yes
33,3512,yes,no
37,4798,yes,no
34,85,yes,no
37,660,yes,yes
31,585,yes,yes
47,136,yes,no
36,360,yes,no
31,296,yes,no
33,0,yes,yes
33,10,yes,yes
39,451,yes,no
37,614,yes,no
34,692,yes,no
33,148,no,no
31,5058,yes,no
33,1467,yes,no
30,859,yes,no
34,-508,yes,no
31,410,yes,no
36,134,no,no
37,23867,no,no
31,2038,yes,no
39,-362,yes,no
34,967,yes,no
43,1825,yes,no
43,-635,yes,no
34,1298,yes,no
36,1797,yes,yes
55,1848,yes,no
31,431,yes,yes
32,4996,yes,no
31,213,yes,no
31,26,yes,no
33,0,no,no
32,1351,yes,no
44,982,yes,no
33,4963,yes,no
39,1438,yes,no
39,1411,yes,no
33,0,yes,no
40,486,yes,no
34,1183,yes,no
39,351,yes,no
32,2366,yes,no
34,2700,yes,no
59,0,yes,no
39,622,yes,no
34,421,yes,no
36,774,yes,no
35,67,no,no
39,7313,yes,no
57,231,yes,no
46,477,yes,no
58,99,yes,no
32,908,yes,no
34,1581,yes,yes
35,2012,yes,no
36,162,yes,no
40,917,yes,no
44,1422,yes,no
31,1787,yes,no
55,-196,yes,no
35,1387,yes,no
31,-63,yes,no
35,1423,yes,no
36,3127,yes,no
36,5436,yes,no
30,1724,yes,no
31,0,yes,no
41,804,yes,no
36,408,yes,yes
59,705,yes,no
36,1373,yes,no
32,196,yes,no
39,0,yes,no
38,273,yes,no
40,311,yes,no
39,1022,yes,no
30,862,yes,yes
38,173,yes,no
32,204,yes,yes
37,32,yes,no
31,4761,yes,no
44,1081,yes,no
45,4170,yes,yes
36,3111,yes,no
27,89,yes,no
27,317,yes,no
48,5058,no,no
41,2852,yes,no
36,2390,yes,no
32,1131,yes,no
31,1352,yes,no
43,520,yes,no
33,876,no,no
31,855,yes,yes
35,-202,yes,no
27,-215,yes,no
32,376,yes,no
58,23,yes,no
40,222,yes,no
36,362,yes,no
39,602,yes,no
37,426,yes,no
30,5143,yes,yes
32,80,yes,no
52,0,yes,no
32,7406,yes,no
33,1005,yes,no
39,226,yes,no
39,247,yes,no
34,1040,yes,no
29,68,no,no
36,183,yes,no
35,4822,yes,no
49,0,yes,no
31,1097,yes,no
39,5731,yes,no
32,3067,yes,no
35,275,yes,no
38,526,yes,no
34,1831,yes,no
35,514,yes,no
34,50,yes,no
34,0,yes,no
27,8,yes,no
30,432,yes,no
32,2561,yes,no
30,659,yes,no
38,0,yes,yes
31,897,yes,no
23,-116,yes,no
30,142,yes,no
56,530,yes,no
32,3514,yes,no
35,190,yes,no
40,236,yes,no
57,-871,no,no
58,2429,no,yes
32,514,yes,no
38,565,yes,no
50,2610,yes,yes
30,178,yes,no
34,1117,yes,no
30,4,yes,no
38,124,yes,no
55,2144,yes,no
31,1025,no,no
41,1250,yes,no
38,28,no,no
49,543,yes,no
26,972,yes,no
60,674,yes,no
57,258,yes,no
37,3044,yes,no
39,-197,yes,no
39,1096,no,no
57,739,yes,no
35,274,yes,no
30,1445,yes,no
31,3311,yes,no
32,157,yes,no
30,347,yes,no
32,-345,yes,no
36,8119,no,no
34,120,yes,no
39,5,yes,no
42,2309,yes,no
33,892,yes,no
32,641,yes,no
35,2730,yes,no
38,1663,yes,no
39,1966,yes,no
54,6102,yes,yes
38,1092,yes,no
33,1349,yes,no
34,2015,no,no
32,2146,yes,no
32,2976,yes,no
37,3834,yes,no
36,393,yes,yes
32,-457,yes,yes
34,0,no,yes
34,363,no,no
39,4025,yes,yes
42,714,yes,no
33,438,yes,yes
40,858,yes,no
35,592,yes,no
38,-224,yes,yes
39,151,yes,no
31,289,yes,no
38,821,yes,yes
58,8153,yes,no
33,57,yes,yes
34,558,yes,no
34,1701,yes,no
37,-898,yes,no
38,1073,yes,no
34,5754,yes,no
34,-167,yes,no
39,4146,yes,yes
35,-15,yes,no
36,3954,yes,no
31,8629,yes,no
30,1168,yes,yes
35,498,yes,no
35,0,no,no
31,216,yes,no
38,1746,yes,no
36,1053,yes,no
36,687,yes,no
33,2764,yes,no
34,1207,yes,no
32,0,yes,no
39,528,yes,no
33,3090,yes,no
38,-530,yes,no
41,666,yes,no
38,0,yes,no
35,470,yes,no
39,597,yes,no
40,1136,yes,no
38,620,yes,yes
33,17,yes,no
34,12,no,no
28,135,yes,no
36,5024,no,no
34,1161,yes,no
39,3528,yes,no
32,791,yes,no
38,546,yes,no
39,804,yes,no
30,908,yes,no
31,6982,yes,no
37,1176,no,yes
36,0,no,no
34,528,yes,no
37,734,yes,no
31,109,yes,no
48,4746,yes,no
31,11512,yes,no
34,0,yes,no
36,115,no,no
36,808,no,no
35,-289,yes,no
35,35368,yes,no
33,189,no,no
26,0,yes,no
37,1110,yes,no
32,102,yes,no
33,56,yes,no
34,405,yes,no
36,873,yes,no
36,656,no,no
41,2490,yes,no
33,1437,yes,no
35,6659,yes,no
30,1126,yes,no
34,3773,yes,no
34,1129,yes,no
36,849,yes,yes
30,675,yes,no
36,98,yes,no
31,1914,yes,no
34,1270,yes,no
30,-98,yes,no
33,256,yes,no
31,435,yes,no
37,7005,yes,no
38,471,yes,no
33,467,yes,no
32,323,yes,no
34,0,yes,no
31,1343,yes,yes
51,44,no,no
30,453,yes,no
35,350,yes,no
32,2693,yes,no
31,1243,yes,no
34,883,yes,no
33,599,yes,no
31,3176,yes,no
33,49,no,no
36,3202,yes,no
33,2660,yes,no
59,41,yes,yes
35,-557,yes,yes
33,741,no,no
32,930,yes,no
23,9,yes,no
33,1624,yes,yes
30,239,yes,no
31,626,yes,no
25,-268,yes,no
37,178,yes,no
34,1671,no,no
29,-300,no,no
35,1362,yes,no
31,2287,yes,no
33,141,yes,no
31,4315,yes,no
28,-70,yes,yes
33,1630,yes,no
35,569,yes,no
34,0,yes,no
30,546,yes,no
32,287,yes,no
37,-954,yes,no
35,280,yes,no
57,1408,no,no
37,1211,yes,no
27,1600,yes,no
39,774,yes,no
33,188,yes,no
34,1157,yes,no
40,1066,yes,no
31,932,yes,no
32,557,yes,no
31,1260,no,yes
35,1045,yes,no
38,350,yes,no
48,-136,yes,no
37,405,yes,no
45,373,yes,no
27,0,yes,no
33,2228,yes,no
31,58,yes,no
33,932,yes,no
36,-872,yes,yes
37,1450,yes,yes
37,2032,yes,no
32,0,yes,no
30,1380,yes,no
37,5729,yes,no
34,951,yes,no
54,487,yes,no
36,957,yes,no
39,855,yes,no
36,502,yes,no
37,204,yes,no
49,2262,yes,no
31,8784,yes,no
36,599,yes,no
31,525,yes,yes
29,688,yes,no
34,1350,yes,no
32,1830,yes,no
31,1887,no,yes
37,13156,yes,no
34,622,yes,no
35,1336,no,no
32,1067,yes,no
35,12961,yes,no
31,141,yes,no
41,1216,yes,no
31,891,yes,no
32,131,yes,no
33,5,no,no
52,289,yes,no
32,15341,no,no
32,901,yes,no
32,4465,yes,no
34,1191,yes,no
35,458,yes,no
36,1869,yes,no
37,2084,yes,no
32,1389,yes,no
34,0,yes,no
27,1303,yes,yes
33,11149,yes,no
36,-35,yes,yes
37,3242,yes,no
32,435,yes,no
32,2696,yes,no
29,0,no,no
34,218,yes,yes
33,892,yes,no
31,1410,yes,no
32,1721,yes,no
31,1583,yes,no
33,296,yes,no
38,216,yes,no
35,463,yes,no
37,547,yes,yes
42,2974,yes,no
34,-370,yes,no
32,6217,yes,yes
28,170,yes,yes
29,-559,yes,yes
21,232,yes,no
31,385,yes,no
34,5304,yes,no
35,71,yes,no
32,317,yes,no
